Servicing option,OS Version,Availability date,Build,KB article
LTSC  •  General Availability Channel,Windows 11,2025-08-12,26100.4946,KB5063878
LTSC  •  General Availability Channel,Windows 11,2025-07-22,26100.4770,KB5062660
LTSC  •  General Availability Channel,Windows 11,2025-07-13,26100.4656,KB5064489
LTSC  •  General Availability Channel,Windows 11,2025-07-08,26100.4652,KB5062553
LTSC  •  General Availability Channel,Windows 11,2025-06-26,26100.4484,KB5060829
LTSC  •  General Availability Channel,Windows 11,2025-06-11,26100.4351,KB5063060
LTSC  •  General Availability Channel,Windows 11,2025-06-10,26100.4349,KB5060842
LTSC  •  General Availability Channel,Windows 11,2025-05-28,26100.4202,KB5058499
LTSC  •  General Availability Channel,Windows 11,2025-05-27,26100.4066,KB5061977
LTSC  •  General Availability Channel,Windows 11,2025-05-13,26100.4061,KB5058411
LTSC  •  General Availability Channel,Windows 11,2025-04-25,26100.3915,KB5055627
LTSC  •  General Availability Channel,Windows 11,2025-04-08,26100.3775,KB5055523
LTSC  •  General Availability Channel,Windows 11,2025-03-27,26100.3624,KB5053656
LTSC  •  General Availability Channel,Windows 11,2025-03-11,26100.3476,KB5053598
LTSC  •  General Availability Channel,Windows 11,2025-02-25,26100.3323,KB5052093
LTSC  •  General Availability Channel,Windows 11,2025-02-11,26100.3194,KB5051987
LTSC  •  General Availability Channel,Windows 11,2025-01-28,26100.3037,KB5050094
LTSC  •  General Availability Channel,Windows 11,2025-01-14,26100.2894,KB5050009
LTSC  •  General Availability Channel,Windows 11,2024-12-10,26100.2605,KB5048667
LTSC  •  General Availability Channel,Windows 11,2024-11-21,26100.2454,KB5046740
LTSC  •  General Availability Channel,Windows 11,2024-11-12,26100.2314,KB5046617
LTSC  •  General Availability Channel,Windows 11,2024-10-24,26100.2161,KB5044384
LTSC  •  General Availability Channel,Windows 11,2024-10-08,26100.2033,KB5044284
LTSC  •  General Availability Channel,Windows 11,2024-10-01,26100.1742,
General Availability Channel,Windows 11,2025-08-12,22631.5768,KB5063875
General Availability Channel,Windows 11,2025-07-22,22631.5699,KB5062663
General Availability Channel,Windows 11,2025-07-08,22631.5624,KB5062552
General Availability Channel,Windows 11,2025-06-26,22631.5549,KB5060826
General Availability Channel,Windows 11,2025-06-10,22631.5472,KB5060999
General Availability Channel,Windows 11,2025-05-31,22631.5415,KB5062170
General Availability Channel,Windows 11,2025-05-27,22631.5413,KB5058502
General Availability Channel,Windows 11,2025-05-13,22631.5335,KB5058405
General Availability Channel,Windows 11,2025-04-22,22631.5262,KB5055629
General Availability Channel,Windows 11,2025-04-11,22631.5192,KB5058919
General Availability Channel,Windows 11,2025-04-08,22631.5189,KB5055528
General Availability Channel,Windows 11,2025-03-25,22631.5126,KB5053657
General Availability Channel,Windows 11,2025-03-11,22631.5039,KB5053602
General Availability Channel,Windows 11,2025-02-25,22631.4974,KB5052094
General Availability Channel,Windows 11,2025-02-11,22631.4890,KB5051989
General Availability Channel,Windows 11,2025-01-29,22631.4830,KB5050092
General Availability Channel,Windows 11,2025-01-14,22631.4751,KB5050021
General Availability Channel,Windows 11,2024-12-10,22631.4602,KB5048685
General Availability Channel,Windows 11,2024-11-21,22631.4541,KB5046732
General Availability Channel,Windows 11,2024-11-12,22631.4460,KB5046633
General Availability Channel,Windows 11,2024-10-22,22631.4391,KB5044380
General Availability Channel,Windows 11,2024-10-08,22631.4317,KB5044285
General Availability Channel,Windows 11,2024-09-26,22631.4249,KB5043145
General Availability Channel,Windows 11,2024-09-10,22631.4169,KB5043076
General Availability Channel,Windows 11,2024-08-27,22631.4112,KB5041587
General Availability Channel,Windows 11,2024-08-13,22631.4037,KB5041585
General Availability Channel,Windows 11,2024-07-25,22631.3958,KB5040527
General Availability Channel,Windows 11,2024-07-09,22631.3880,KB5040442
General Availability Channel,Windows 11,2024-06-25,22631.3810,KB5039302
General Availability Channel,Windows 11,2024-06-11,22631.3737,KB5039212
General Availability Channel,Windows 11,2024-05-29,22631.3672,KB5037853
General Availability Channel,Windows 11,2024-05-14,22631.3593,KB5037771
General Availability Channel,Windows 11,2024-04-23,22631.3527,KB5036980
General Availability Channel,Windows 11,2024-04-09,22631.3447,KB5036893
General Availability Channel,Windows 11,2024-03-26,22631.3374,KB5035942
General Availability Channel,Windows 11,2024-03-12,22631.3296,KB5035853
General Availability Channel,Windows 11,2024-02-29,22631.3235,KB5034848
General Availability Channel,Windows 11,2024-02-13,22631.3155,KB5034765
General Availability Channel,Windows 11,2024-01-23,22631.3085,KB5034204
General Availability Channel,Windows 11,2024-01-09,22631.3007,KB5034123
General Availability Channel,Windows 11,2023-12-12,22631.2861,KB5033375
General Availability Channel,Windows 11,2023-12-04,22631.2792,KB5032288
General Availability Channel,Windows 11,2023-11-14,22631.2715,KB5032190
General Availability Channel,Windows 11,2023-10-31,22631.2506,KB5031455
General Availability Channel,Windows 11,2023-10-31,22631.2428,
General Availability Channel,Windows 11,2025-08-12,22621.5768,KB5063875
General Availability Channel,Windows 11,2025-07-08,22621.5624,KB5062552
General Availability Channel,Windows 11,2025-06-26,22621.5549,KB5060826
General Availability Channel,Windows 11,2025-06-10,22621.5472,KB5060999
General Availability Channel,Windows 11,2025-05-31,22621.5415,KB5062170
General Availability Channel,Windows 11,2025-05-27,22621.5413,KB5058502
General Availability Channel,Windows 11,2025-05-13,22621.5335,KB5058405
General Availability Channel,Windows 11,2025-04-22,22621.5262,KB5055629
General Availability Channel,Windows 11,2025-04-11,22621.5192,KB5058919
General Availability Channel,Windows 11,2025-04-08,22621.5189,KB5055528
General Availability Channel,Windows 11,2025-03-25,22621.5126,KB5053657
General Availability Channel,Windows 11,2025-03-11,22621.5039,KB5053602
General Availability Channel,Windows 11,2025-02-25,22621.4974,KB5052094
General Availability Channel,Windows 11,2025-02-11,22621.4890,KB5051989
General Availability Channel,Windows 11,2025-01-29,22621.4830,KB5050092
General Availability Channel,Windows 11,2025-01-14,22621.4751,KB5050021
General Availability Channel,Windows 11,2024-12-10,22621.4602,KB5048685
General Availability Channel,Windows 11,2024-11-21,22621.4541,KB5046732
General Availability Channel,Windows 11,2024-11-12,22621.4460,KB5046633
General Availability Channel,Windows 11,2024-10-22,22621.4391,KB5044380
General Availability Channel,Windows 11,2024-10-08,22621.4317,KB5044285
General Availability Channel,Windows 11,2024-09-26,22621.4249,KB5043145
General Availability Channel,Windows 11,2024-09-10,22621.4169,KB5043076
General Availability Channel,Windows 11,2024-08-27,22621.4112,KB5041587
General Availability Channel,Windows 11,2024-08-13,22621.4037,KB5041585
General Availability Channel,Windows 11,2024-07-25,22621.3958,KB5040527
General Availability Channel,Windows 11,2024-07-09,22621.3880,KB5040442
General Availability Channel,Windows 11,2024-06-25,22621.3810,KB5039302
General Availability Channel,Windows 11,2024-06-11,22621.3737,KB5039212
General Availability Channel,Windows 11,2024-05-29,22621.3672,KB5037853
General Availability Channel,Windows 11,2024-05-14,22621.3593,KB5037771
General Availability Channel,Windows 11,2024-04-23,22621.3527,KB5036980
General Availability Channel,Windows 11,2024-04-09,22621.3447,KB5036893
General Availability Channel,Windows 11,2024-03-26,22621.3374,KB5035942
General Availability Channel,Windows 11,2024-03-12,22621.3296,KB5035853
General Availability Channel,Windows 11,2024-02-29,22621.3235,KB5034848
General Availability Channel,Windows 11,2024-02-13,22621.3155,KB5034765
General Availability Channel,Windows 11,2024-01-23,22621.3085,KB5034204
General Availability Channel,Windows 11,2024-01-09,22621.3007,KB5034123
General Availability Channel,Windows 11,2023-12-12,22621.2861,KB5033375
General Availability Channel,Windows 11,2023-12-04,22621.2792,KB5032288
General Availability Channel,Windows 11,2023-11-14,22621.2715,KB5032190
General Availability Channel,Windows 11,2023-10-26,22621.2506,KB5031455
General Availability Channel,Windows 11,2023-10-10,22621.2428,KB5031354
General Availability Channel,Windows 11,2023-09-26,22621.2361,KB5030310
General Availability Channel,Windows 11,2023-09-12,22621.2283,KB5030219
General Availability Channel,Windows 11,2023-08-22,22621.2215,KB5029351
General Availability Channel,Windows 11,2023-08-08,22621.2134,KB5029263
General Availability Channel,Windows 11,2023-07-26,22621.2070,KB5028254
General Availability Channel,Windows 11,2023-07-11,22621.1992,KB5028185
General Availability Channel,Windows 11,2023-06-27,22621.1928,KB5027303
General Availability Channel,Windows 11,2023-06-13,22621.1848,KB5027231
General Availability Channel,Windows 11,2023-05-24,22621.1778,KB5026446
General Availability Channel,Windows 11,2023-05-09,22621.1702,KB5026372
General Availability Channel,Windows 11,2023-04-25,22621.1635,KB5025305
General Availability Channel,Windows 11,2023-04-11,22621.1555,KB5025239
General Availability Channel,Windows 11,2023-03-28,22621.1485,KB5023778
General Availability Channel,Windows 11,2023-03-14,22621.1413,KB5023706
General Availability Channel,Windows 11,2023-02-28,22621.1344,KB5022913
General Availability Channel,Windows 11,2023-02-14,22621.1265,KB5022845
General Availability Channel,Windows 11,2023-01-26,22621.1194,KB5022360
General Availability Channel,Windows 11,2023-01-10,22621.1105,KB5022303
General Availability Channel,Windows 11,2022-12-13,22621.963,KB5021255
General Availability Channel,Windows 11,2022-11-29,22621.900,KB5020044
General Availability Channel,Windows 11,2022-11-08,22621.819,KB5019980
General Availability Channel,Windows 11,2022-10-25,22621.755,KB5018496
General Availability Channel,Windows 11,2022-10-18,22621.675,KB5019509
General Availability Channel,Windows 11,2022-10-11,22621.674,KB5018427
General Availability Channel,Windows 11,2022-09-30,22621.608,KB5017389
General Availability Channel,Windows 11,2022-09-27,22621.525,KB5019311
General Availability Channel,Windows 11,2022-09-20,22621.521,
General Availability Channel,Windows 11,2024-10-08,22000.3260,KB5044280
General Availability Channel,Windows 11,2024-09-10,22000.3197,KB5043067
General Availability Channel,Windows 11,2024-08-13,22000.3147,KB5041592
General Availability Channel,Windows 11,2024-07-09,22000.3079,KB5040431
General Availability Channel,Windows 11,2024-06-11,22000.3019,KB5039213
General Availability Channel,Windows 11,2024-05-14,22000.2960,KB5037770
General Availability Channel,Windows 11,2024-04-09,22000.2899,KB5036894
General Availability Channel,Windows 11,2024-03-12,22000.2836,KB5035854
General Availability Channel,Windows 11,2024-02-13,22000.2777,KB5034766
General Availability Channel,Windows 11,2024-01-09,22000.2713,KB5034121
General Availability Channel,Windows 11,2023-12-12,22000.2652,KB5033369
General Availability Channel,Windows 11,2023-11-14,22000.2600,KB5032192
General Availability Channel,Windows 11,2023-10-10,22000.2538,KB5031358
General Availability Channel,Windows 11,2023-09-26,22000.2482,KB5030301
General Availability Channel,Windows 11,2023-09-12,22000.2416,KB5030217
General Availability Channel,Windows 11,2023-08-22,22000.2360,KB5029332
General Availability Channel,Windows 11,2023-08-08,22000.2295,KB5029253
General Availability Channel,Windows 11,2023-07-25,22000.2245,KB5028245
General Availability Channel,Windows 11,2023-07-11,22000.2176,KB5028182
General Availability Channel,Windows 11,2023-06-28,22000.2124,KB5027292
General Availability Channel,Windows 11,2023-06-13,22000.2057,KB5027223
General Availability Channel,Windows 11,2023-05-23,22000.2003,KB5026436
General Availability Channel,Windows 11,2023-05-09,22000.1936,KB5026368
General Availability Channel,Windows 11,2023-04-25,22000.1880,KB5025298
General Availability Channel,Windows 11,2023-04-11,22000.1817,KB5025224
General Availability Channel,Windows 11,2023-03-28,22000.1761,KB5023774
General Availability Channel,Windows 11,2023-03-14,22000.1696,KB5023698
General Availability Channel,Windows 11,2023-02-21,22000.1641,KB5022905
General Availability Channel,Windows 11,2023-02-14,22000.1574,KB5022836
General Availability Channel,Windows 11,2023-01-19,22000.1516,KB5019274
General Availability Channel,Windows 11,2023-01-10,22000.1455,KB5022287
General Availability Channel,Windows 11,2022-12-13,22000.1335,KB5021234
General Availability Channel,Windows 11,2022-11-15,22000.1281,KB5019157
General Availability Channel,Windows 11,2022-11-08,22000.1219,KB5019961
General Availability Channel,Windows 11,2022-10-25,22000.1165,KB5018483
General Availability Channel,Windows 11,2022-10-17,22000.1100,KB5020387
General Availability Channel,Windows 11,2022-10-11,22000.1098,KB5018418
General Availability Channel,Windows 11,2022-09-20,22000.1042,KB5017383
General Availability Channel,Windows 11,2022-09-13,22000.978,KB5017328
General Availability Channel,Windows 11,2022-08-25,22000.918,KB5016691
General Availability Channel,Windows 11,2022-08-09,22000.856,KB5016629
General Availability Channel,Windows 11,2022-07-21,22000.832,KB5015882
General Availability Channel,Windows 11,2022-07-12,22000.795,KB5015814
General Availability Channel,Windows 11,2022-06-23,22000.778,KB5014668
General Availability Channel,Windows 11,2022-06-20,22000.740,KB5016138
General Availability Channel,Windows 11,2022-06-14,22000.739,KB5014697
General Availability Channel,Windows 11,2022-05-24,22000.708,KB5014019
General Availability Channel,Windows 11,2022-05-10,22000.675,KB5013943
General Availability Channel,Windows 11,2022-04-25,22000.652,KB5012643
General Availability Channel,Windows 11,2022-04-12,22000.613,KB5012592
General Availability Channel,Windows 11,2022-03-28,22000.593,KB5011563
General Availability Channel,Windows 11,2022-03-08,22000.556,KB5011493
General Availability Channel,Windows 11,2022-02-15,22000.527,KB5010414
General Availability Channel,Windows 11,2022-02-08,22000.493,KB5010386
General Availability Channel,Windows 11,2022-01-25,22000.469,KB5008353
General Availability Channel,Windows 11,2022-01-17,22000.438,KB5010795
General Availability Channel,Windows 11,2022-01-11,22000.434,KB5009566
General Availability Channel,Windows 11,2021-12-14,22000.376,KB5008215
General Availability Channel,Windows 11,2021-11-22,22000.348,KB5007262
General Availability Channel,Windows 11,2021-11-09,22000.318,KB5007215
General Availability Channel,Windows 11,2021-10-21,22000.282,KB5006746
General Availability Channel,Windows 11,2021-10-12,22000.258,KB5006674
General Availability Channel,Windows 11,2021-10-04,22000.194,
General Availability Channel,Windows 10,2025-08-12,19045.6216,KB5063709
General Availability Channel,Windows 10,2025-07-22,19045.6159,KB5062649
General Availability Channel,Windows 10,2025-07-08,19045.6093,KB5062554
General Availability Channel,Windows 10,2025-06-24,19045.6036,KB5061087
General Availability Channel,Windows 10,2025-06-16,19045.5968,KB5063159
General Availability Channel,Windows 10,2025-06-10,19045.5965,KB5060533
General Availability Channel,Windows 10,2025-05-28,19045.5917,KB5058481
General Availability Channel,Windows 10,2025-05-27,19045.5859,KB5061979
General Availability Channel,Windows 10,2025-05-19,19045.5856,KB5061768
General Availability Channel,Windows 10,2025-05-13,19045.5854,KB5058379
General Availability Channel,Windows 10,2025-04-22,19045.5796,KB5055612
General Availability Channel,Windows 10,2025-04-08,19045.5737,KB5055518
General Availability Channel,Windows 10,2025-03-25,19045.5679,KB5053643
General Availability Channel,Windows 10,2025-03-11,19045.5608,KB5053606
General Availability Channel,Windows 10,2025-02-25,19045.5555,KB5052077
General Availability Channel,Windows 10,2025-02-11,19045.5487,KB5051974
General Availability Channel,Windows 10,2025-01-28,19045.5440,KB5050081
General Availability Channel,Windows 10,2025-01-14,19045.5371,KB5049981
General Availability Channel,Windows 10,2024-12-10,19045.5247,KB5048652
General Availability Channel,Windows 10,2024-11-21,19045.5198,KB5046714
General Availability Channel,Windows 10,2024-11-12,19045.5131,KB5046613
General Availability Channel,Windows 10,2024-10-22,19045.5073,KB5045594
General Availability Channel,Windows 10,2024-10-08,19045.5011,KB5044273
General Availability Channel,Windows 10,2024-09-24,19045.4957,KB5043131
General Availability Channel,Windows 10,2024-09-10,19045.4894,KB5043064
General Availability Channel,Windows 10,2024-08-29,19045.4842,KB5041582
General Availability Channel,Windows 10,2024-08-13,19045.4780,KB5041580
General Availability Channel,Windows 10,2024-07-23,19045.4717,KB5040525
General Availability Channel,Windows 10,2024-07-09,19045.4651,KB5040427
General Availability Channel,Windows 10,2024-06-25,19045.4598,KB5039299
General Availability Channel,Windows 10,2024-06-11,19045.4529,KB5039211
General Availability Channel,Windows 10,2024-05-29,19045.4474,KB5037849
General Availability Channel,Windows 10,2024-05-14,19045.4412,KB5037768
General Availability Channel,Windows 10,2024-04-23,19045.4355,KB5036979
General Availability Channel,Windows 10,2024-04-09,19045.4291,KB5036892
General Availability Channel,Windows 10,2024-03-26,19045.4239,KB5035941
General Availability Channel,Windows 10,2024-03-12,19045.4170,KB5035845
General Availability Channel,Windows 10,2024-02-29,19045.4123,KB5034843
General Availability Channel,Windows 10,2024-02-13,19045.4046,KB5034763
General Availability Channel,Windows 10,2024-01-23,19045.3996,KB5034203
General Availability Channel,Windows 10,2024-01-09,19045.3930,KB5034122
General Availability Channel,Windows 10,2023-12-12,19045.3803,KB5033372
General Availability Channel,Windows 10,2023-11-30,19045.3758,KB5032278
General Availability Channel,Windows 10,2023-11-14,19045.3693,KB5032189
General Availability Channel,Windows 10,2023-10-26,19045.3636,KB5031445
General Availability Channel,Windows 10,2023-10-10,19045.3570,KB5031356
General Availability Channel,Windows 10,2023-09-26,19045.3516,KB5030300
General Availability Channel,Windows 10,2023-09-12,19045.3448,KB5030211
General Availability Channel,Windows 10,2023-08-22,19045.3393,KB5029331
General Availability Channel,Windows 10,2023-08-08,19045.3324,KB5029244
General Availability Channel,Windows 10,2023-07-25,19045.3271,KB5028244
General Availability Channel,Windows 10,2023-07-11,19045.3208,KB5028166
General Availability Channel,Windows 10,2023-06-27,19045.3155,KB5027293
General Availability Channel,Windows 10,2023-06-13,19045.3086,KB5027215
General Availability Channel,Windows 10,2023-05-23,19045.3031,KB5026435
General Availability Channel,Windows 10,2023-05-09,19045.2965,KB5026361
General Availability Channel,Windows 10,2023-04-25,19045.2913,KB5025297
General Availability Channel,Windows 10,2023-04-11,19045.2846,KB5025221
General Availability Channel,Windows 10,2023-03-21,19045.2788,KB5023773
General Availability Channel,Windows 10,2023-03-14,19045.2728,KB5023696
General Availability Channel,Windows 10,2023-02-21,19045.2673,KB5022906
General Availability Channel,Windows 10,2023-02-14,19045.2604,KB5022834
General Availability Channel,Windows 10,2023-01-19,19045.2546,KB5019275
General Availability Channel,Windows 10,2023-01-10,19045.2486,KB5022282
General Availability Channel,Windows 10,2022-12-13,19045.2364,KB5021233
General Availability Channel,Windows 10,2022-11-15,19045.2311,KB5020030
General Availability Channel,Windows 10,2022-11-08,19045.2251,KB5019959
General Availability Channel,Windows 10,2022-10-18,19045.2130,
LTSC,Windows 10,2025-08-12,19044.6216,KB5063709
LTSC,Windows 10,2025-07-08,19044.6093,KB5062554
LTSC,Windows 10,2025-06-10,19044.5965,KB5060533
LTSC,Windows 10,2025-05-27,19044.5859,KB5061979
LTSC,Windows 10,2025-05-19,19044.5856,KB5061768
LTSC,Windows 10,2025-05-13,19044.5854,KB5058379
LTSC,Windows 10,2025-04-08,19044.5737,KB5055518
LTSC,Windows 10,2025-03-11,19044.5608,KB5053606
LTSC,Windows 10,2025-02-11,19044.5487,KB5051974
LTSC,Windows 10,2025-01-14,19044.5371,KB5049981
LTSC,Windows 10,2024-12-10,19044.5247,KB5048652
LTSC,Windows 10,2024-11-12,19044.5131,KB5046613
LTSC,Windows 10,2024-10-08,19044.5011,KB5044273
LTSC,Windows 10,2024-09-10,19044.4894,KB5043064
LTSC,Windows 10,2024-08-13,19044.4780,KB5041580
LTSC,Windows 10,2024-07-09,19044.4651,KB5040427
LTSC  •  General Availability Channel,Windows 10,2024-06-11,19044.4529,KB5039211
LTSC  •  General Availability Channel,Windows 10,2024-05-14,19044.4412,KB5037768
LTSC  •  General Availability Channel,Windows 10,2024-04-09,19044.4291,KB5036892
LTSC  •  General Availability Channel,Windows 10,2024-03-12,19044.4170,KB5035845
LTSC  •  General Availability Channel,Windows 10,2024-02-13,19044.4046,KB5034763
LTSC  •  General Availability Channel,Windows 10,2024-01-09,19044.3930,KB5034122
LTSC  •  General Availability Channel,Windows 10,2023-12-12,19044.3803,KB5033372
LTSC  •  General Availability Channel,Windows 10,2023-11-14,19044.3693,KB5032189
LTSC  •  General Availability Channel,Windows 10,2023-10-10,19044.3570,KB5031356
LTSC  •  General Availability Channel,Windows 10,2023-09-12,19044.3448,KB5030211
LTSC  •  General Availability Channel,Windows 10,2023-08-08,19044.3324,KB5029244
LTSC  •  General Availability Channel,Windows 10,2023-07-11,19044.3208,KB5028166
LTSC  •  General Availability Channel,Windows 10,2023-06-13,19044.3086,KB5027215
LTSC  •  General Availability Channel,Windows 10,2023-05-09,19044.2965,KB5026361
LTSC  •  General Availability Channel,Windows 10,2023-04-11,19044.2846,KB5025221
LTSC  •  General Availability Channel,Windows 10,2023-03-21,19044.2788,KB5023773
LTSC  •  General Availability Channel,Windows 10,2023-03-14,19044.2728,KB5023696
LTSC  •  General Availability Channel,Windows 10,2023-02-21,19044.2673,KB5022906
LTSC  •  General Availability Channel,Windows 10,2023-02-14,19044.2604,KB5022834
LTSC  •  General Availability Channel,Windows 10,2023-01-19,19044.2546,KB5019275
LTSC  •  General Availability Channel,Windows 10,2023-01-10,19044.2486,KB5022282
LTSC  •  General Availability Channel,Windows 10,2022-12-13,19044.2364,KB5021233
LTSC  •  General Availability Channel,Windows 10,2022-11-15,19044.2311,KB5020030
LTSC  •  General Availability Channel,Windows 10,2022-11-08,19044.2251,KB5019959
LTSC  •  General Availability Channel,Windows 10,2022-10-28,19044.2194,KB5020953
LTSC  •  General Availability Channel,Windows 10,2022-10-25,19044.2193,KB5018482
LTSC  •  General Availability Channel,Windows 10,2022-10-17,19044.2132,KB5020435
LTSC  •  General Availability Channel,Windows 10,2022-10-11,19044.2130,KB5018410
LTSC  •  General Availability Channel,Windows 10,2022-09-20,19044.2075,KB5017380
LTSC  •  General Availability Channel,Windows 10,2022-09-13,19044.2006,KB5017308
LTSC  •  General Availability Channel,Windows 10,2022-08-26,19044.1949,KB5016688
LTSC  •  General Availability Channel,Windows 10,2022-08-09,19044.1889,KB5016616
LTSC  •  General Availability Channel,Windows 10,2022-07-26,19044.1865,KB5015878
LTSC  •  General Availability Channel,Windows 10,2022-07-12,19044.1826,KB5015807
LTSC  •  General Availability Channel,Windows 10,2022-06-28,19044.1806,KB5014666
LTSC  •  General Availability Channel,Windows 10,2022-06-20,19044.1767,KB5016139
LTSC  •  General Availability Channel,Windows 10,2022-06-14,19044.1766,KB5014699
LTSC  •  General Availability Channel,Windows 10,2022-06-02,19044.1741,KB5014023
LTSC  •  General Availability Channel,Windows 10,2022-05-19,19044.1708,KB5015020
LTSC  •  General Availability Channel,Windows 10,2022-05-10,19044.1706,KB5013942
LTSC  •  General Availability Channel,Windows 10,2022-04-25,19044.1682,KB5011831
LTSC  •  General Availability Channel,Windows 10,2022-04-12,19044.1645,KB5012599
LTSC  •  General Availability Channel,Windows 10,2022-03-22,19044.1620,KB5011543
LTSC  •  General Availability Channel,Windows 10,2022-03-08,19044.1586,KB5011487
LTSC  •  General Availability Channel,Windows 10,2022-02-15,19044.1566,KB5010415
LTSC  •  General Availability Channel,Windows 10,2022-02-08,19044.1526,KB5010342
LTSC  •  General Availability Channel,Windows 10,2022-01-25,19044.1503,KB5009596
LTSC  •  General Availability Channel,Windows 10,2022-01-17,19044.1469,KB5010793
LTSC  •  General Availability Channel,Windows 10,2022-01-11,19044.1466,KB5009543
LTSC  •  General Availability Channel,Windows 10,2021-12-14,19044.1415,KB5008212
LTSC  •  General Availability Channel,Windows 10,2021-11-22,19044.1387,KB5007253
LTSC  •  General Availability Channel,Windows 10,2021-11-16,19044.1288,
Semi-Annual Channel,Windows 10,2022-12-13,19043.2364,KB5021233
Semi-Annual Channel,Windows 10,2022-11-15,19043.2311,KB5020030
Semi-Annual Channel,Windows 10,2022-11-08,19043.2251,KB5019959
Semi-Annual Channel,Windows 10,2022-10-28,19043.2194,KB5020953
Semi-Annual Channel,Windows 10,2022-10-25,19043.2193,KB5018482
Semi-Annual Channel,Windows 10,2022-10-17,19043.2132,KB5020435
Semi-Annual Channel,Windows 10,2022-10-11,19043.2130,KB5018410
Semi-Annual Channel,Windows 10,2022-09-20,19043.2075,KB5017380
Semi-Annual Channel,Windows 10,2022-09-13,19043.2006,KB5017308
Semi-Annual Channel,Windows 10,2022-08-26,19043.1949,KB5016688
Semi-Annual Channel,Windows 10,2022-08-09,19043.1889,KB5016616
Semi-Annual Channel,Windows 10,2022-07-26,19043.1865,KB5015878
Semi-Annual Channel,Windows 10,2022-07-12,19043.1826,KB5015807
Semi-Annual Channel,Windows 10,2022-06-28,19043.1806,KB5014666
Semi-Annual Channel,Windows 10,2022-06-20,19043.1767,KB5016139
Semi-Annual Channel,Windows 10,2022-06-14,19043.1766,KB5014699
Semi-Annual Channel,Windows 10,2022-06-02,19043.1741,KB5014023
Semi-Annual Channel,Windows 10,2022-05-19,19043.1708,KB5015020
Semi-Annual Channel,Windows 10,2022-05-10,19043.1706,KB5013942
Semi-Annual Channel,Windows 10,2022-04-25,19043.1682,KB5011831
Semi-Annual Channel,Windows 10,2022-04-12,19043.1645,KB5012599
Semi-Annual Channel,Windows 10,2022-03-22,19043.1620,KB5011543
Semi-Annual Channel,Windows 10,2022-03-08,19043.1586,KB5011487
Semi-Annual Channel,Windows 10,2022-02-15,19043.1566,KB5010415
Semi-Annual Channel,Windows 10,2022-02-08,19043.1526,KB5010342
Semi-Annual Channel,Windows 10,2022-01-25,19043.1503,KB5009596
Semi-Annual Channel,Windows 10,2022-01-17,19043.1469,KB5010793
Semi-Annual Channel,Windows 10,2022-01-11,19043.1466,KB5009543
Semi-Annual Channel,Windows 10,2021-12-14,19043.1415,KB5008212
Semi-Annual Channel,Windows 10,2021-11-22,19043.1387,KB5007253
Semi-Annual Channel,Windows 10,2021-11-09,19043.1348,KB5007186
Semi-Annual Channel,Windows 10,2021-10-26,19043.1320,KB5006738
Semi-Annual Channel,Windows 10,2021-10-12,19043.1288,KB5006670
Semi-Annual Channel,Windows 10,2021-09-30,19043.1266,KB5005611
Semi-Annual Channel,Windows 10,2021-09-14,19043.1237,KB5005565
Semi-Annual Channel,Windows 10,2021-09-01,19043.1202,KB5005101
Semi-Annual Channel,Windows 10,2021-08-10,19043.1165,KB5005033
Semi-Annual Channel,Windows 10,2021-07-29,19043.1151,KB5004296
Semi-Annual Channel,Windows 10,2021-07-13,19043.1110,KB5004237
Semi-Annual Channel,Windows 10,2021-07-06,19043.1083,KB5004945
Semi-Annual Channel,Windows 10,2021-06-29,19043.1082,KB5004760
Semi-Annual Channel,Windows 10,2021-06-21,19043.1081,KB5003690
Semi-Annual Channel,Windows 10,2021-06-11,19043.1055,KB5004476
Semi-Annual Channel,Windows 10,2021-06-08,19043.1052,KB5003637
Semi-Annual Channel,Windows 10,2021-05-25,19043.1023,KB5003214
Semi-Annual Channel,Windows 10,2021-05-18,19043.985,KB5003173
Semi-Annual Channel,Windows 10,2023-05-09,19042.2965,KB5026361
Semi-Annual Channel,Windows 10,2023-04-11,19042.2846,KB5025221
Semi-Annual Channel,Windows 10,2023-03-21,19042.2788,KB5023773
Semi-Annual Channel,Windows 10,2023-03-14,19042.2728,KB5023696
Semi-Annual Channel,Windows 10,2023-02-21,19042.2673,KB5022906
Semi-Annual Channel,Windows 10,2023-02-14,19042.2604,KB5022834
Semi-Annual Channel,Windows 10,2023-01-19,19042.2546,KB5019275
Semi-Annual Channel,Windows 10,2023-01-10,19042.2486,KB5022282
Semi-Annual Channel,Windows 10,2022-12-13,19042.2364,KB5021233
Semi-Annual Channel,Windows 10,2022-11-15,19042.2311,KB5020030
Semi-Annual Channel,Windows 10,2022-11-08,19042.2251,KB5019959
Semi-Annual Channel,Windows 10,2022-10-28,19042.2194,KB5020953
Semi-Annual Channel,Windows 10,2022-10-25,19042.2193,KB5018482
Semi-Annual Channel,Windows 10,2022-10-17,19042.2132,KB5020435
Semi-Annual Channel,Windows 10,2022-10-11,19042.2130,KB5018410
Semi-Annual Channel,Windows 10,2022-09-20,19042.2075,KB5017380
Semi-Annual Channel,Windows 10,2022-09-13,19042.2006,KB5017308
Semi-Annual Channel,Windows 10,2022-08-26,19042.1949,KB5016688
Semi-Annual Channel,Windows 10,2022-08-09,19042.1889,KB5016616
Semi-Annual Channel,Windows 10,2022-07-26,19042.1865,KB5015878
Semi-Annual Channel,Windows 10,2022-07-12,19042.1826,KB5015807
Semi-Annual Channel,Windows 10,2022-06-28,19042.1806,KB5014666
Semi-Annual Channel,Windows 10,2022-06-20,19042.1767,KB5016139
Semi-Annual Channel,Windows 10,2022-06-14,19042.1766,KB5014699
Semi-Annual Channel,Windows 10,2022-06-02,19042.1741,KB5014023
Semi-Annual Channel,Windows 10,2022-05-19,19042.1708,KB5015020
Semi-Annual Channel,Windows 10,2022-05-10,19042.1706,KB5013942
Semi-Annual Channel,Windows 10,2022-04-25,19042.1682,KB5011831
Semi-Annual Channel,Windows 10,2022-04-12,19042.1645,KB5012599
Semi-Annual Channel,Windows 10,2022-03-22,19042.1620,KB5011543
Semi-Annual Channel,Windows 10,2022-03-08,19042.1586,KB5011487
Semi-Annual Channel,Windows 10,2022-02-15,19042.1566,KB5010415
Semi-Annual Channel,Windows 10,2022-02-08,19042.1526,KB5010342
Semi-Annual Channel,Windows 10,2022-01-25,19042.1503,KB5009596
Semi-Annual Channel,Windows 10,2022-01-17,19042.1469,KB5010793
Semi-Annual Channel,Windows 10,2022-01-11,19042.1466,KB5009543
Semi-Annual Channel,Windows 10,2021-12-14,19042.1415,KB5008212
Semi-Annual Channel,Windows 10,2021-11-22,19042.1387,KB5007253
Semi-Annual Channel,Windows 10,2021-11-09,19042.1348,KB5007186
Semi-Annual Channel,Windows 10,2021-10-26,19042.1320,KB5006738
Semi-Annual Channel,Windows 10,2021-10-12,19042.1288,KB5006670
Semi-Annual Channel,Windows 10,2021-09-30,19042.1266,KB5005611
Semi-Annual Channel,Windows 10,2021-09-14,19042.1237,KB5005565
Semi-Annual Channel,Windows 10,2021-09-01,19042.1202,KB5005101
Semi-Annual Channel,Windows 10,2021-08-10,19042.1165,KB5005033
Semi-Annual Channel,Windows 10,2021-07-29,19042.1151,KB5004296
Semi-Annual Channel,Windows 10,2021-07-13,19042.1110,KB5004237
Semi-Annual Channel,Windows 10,2021-07-06,19042.1083,KB5004945
Semi-Annual Channel,Windows 10,2021-06-29,19042.1082,KB5004760
Semi-Annual Channel,Windows 10,2021-06-21,19042.1081,KB5003690
Semi-Annual Channel,Windows 10,2021-06-11,19042.1055,KB5004476
Semi-Annual Channel,Windows 10,2021-06-08,19042.1052,KB5003637
Semi-Annual Channel,Windows 10,2021-05-25,19042.1023,KB5003214
Semi-Annual Channel,Windows 10,2021-05-11,19042.985,KB5003173
Semi-Annual Channel,Windows 10,2021-04-28,19042.964,KB5001391
Semi-Annual Channel,Windows 10,2021-04-13,19042.928,KB5001330
Semi-Annual Channel,Windows 10,2021-03-29,19042.906,KB5000842
Semi-Annual Channel,Windows 10,2021-03-18,19042.870,KB5001649
Semi-Annual Channel,Windows 10,2021-03-15,19042.868,KB5001567
Semi-Annual Channel,Windows 10,2021-03-09,19042.867,KB5000802
Semi-Annual Channel,Windows 10,2021-02-24,19042.844,KB4601382
Semi-Annual Channel,Windows 10,2021-02-09,19042.804,KB4601319
Semi-Annual Channel,Windows 10,2021-02-02,19042.789,KB4598291
Semi-Annual Channel,Windows 10,2021-01-12,19042.746,KB4598242
Semi-Annual Channel,Windows 10,2020-12-08,19042.685,KB4592438
Semi-Annual Channel,Windows 10,2020-11-30,19042.662,KB4586853
Semi-Annual Channel,Windows 10,2020-11-19,19042.631,KB4594440
Semi-Annual Channel,Windows 10,2020-11-10,19042.630,KB4586781
Semi-Annual Channel,Windows 10,2020-10-29,19042.610,KB4580364
Semi-Annual Channel,Windows 10,2020-10-20,19042.572,
Semi-Annual Channel,Windows 10,2021-12-14,19041.1415,KB5008212
Semi-Annual Channel,Windows 10,2021-11-22,19041.1387,KB5007253
Semi-Annual Channel,Windows 10,2021-11-09,19041.1348,KB5007186
Semi-Annual Channel,Windows 10,2021-10-26,19041.1320,KB5006738
Semi-Annual Channel,Windows 10,2021-10-12,19041.1288,KB5006670
Semi-Annual Channel,Windows 10,2021-09-30,19041.1266,KB5005611
Semi-Annual Channel,Windows 10,2021-09-14,19041.1237,KB5005565
Semi-Annual Channel,Windows 10,2021-09-01,19041.1202,KB5005101
Semi-Annual Channel,Windows 10,2021-08-10,19041.1165,KB5005033
Semi-Annual Channel,Windows 10,2021-07-29,19041.1151,KB5004296
Semi-Annual Channel,Windows 10,2021-07-13,19041.1110,KB5004237
Semi-Annual Channel,Windows 10,2021-07-06,19041.1083,KB5004945
Semi-Annual Channel,Windows 10,2021-06-29,19041.1082,KB5004760
Semi-Annual Channel,Windows 10,2021-06-21,19041.1081,KB5003690
Semi-Annual Channel,Windows 10,2021-06-11,19041.1055,KB5004476
Semi-Annual Channel,Windows 10,2021-06-08,19041.1052,KB5003637
Semi-Annual Channel,Windows 10,2021-05-25,19041.1023,KB5003214
Semi-Annual Channel,Windows 10,2021-05-11,19041.985,KB5003173
Semi-Annual Channel,Windows 10,2021-04-28,19041.964,KB5001391
Semi-Annual Channel,Windows 10,2021-04-13,19041.928,KB5001330
Semi-Annual Channel,Windows 10,2021-03-29,19041.906,KB5000842
Semi-Annual Channel,Windows 10,2021-03-18,19041.870,KB5001649
Semi-Annual Channel,Windows 10,2021-03-15,19041.868,KB5001567
Semi-Annual Channel,Windows 10,2021-03-09,19041.867,KB5000802
Semi-Annual Channel,Windows 10,2021-02-24,19041.844,KB4601382
Semi-Annual Channel,Windows 10,2021-02-09,19041.804,KB4601319
Semi-Annual Channel,Windows 10,2021-02-02,19041.789,KB4598291
Semi-Annual Channel,Windows 10,2021-01-12,19041.746,KB4598242
Semi-Annual Channel,Windows 10,2020-12-08,19041.685,KB4592438
Semi-Annual Channel,Windows 10,2020-11-30,19041.662,KB4586853
Semi-Annual Channel,Windows 10,2020-11-19,19041.631,KB4594440
Semi-Annual Channel,Windows 10,2020-11-10,19041.630,KB4586781
Semi-Annual Channel,Windows 10,2020-10-29,19041.610,KB4580364
Semi-Annual Channel,Windows 10,2020-10-13,19041.572,KB4579311
Semi-Annual Channel,Windows 10,2020-10-01,19041.546,KB4577063
Semi-Annual Channel,Windows 10,2020-09-08,19041.508,KB4571756
Semi-Annual Channel,Windows 10,2020-09-03,19041.488,KB4571744
Semi-Annual Channel,Windows 10,2020-08-11,19041.450,KB4566782
Semi-Annual Channel,Windows 10,2020-07-31,19041.423,KB4568831
Semi-Annual Channel,Windows 10,2020-07-14,19041.388,KB4565503
Semi-Annual Channel,Windows 10,2020-06-18,19041.331,KB4567523
Semi-Annual Channel,Windows 10,2020-06-09,19041.329,KB4557957
Semi-Annual Channel,Windows 10,2020-05-27,19041.264,
Semi-Annual Channel,Windows 10,2022-05-10,18363.2274,KB5013945
Semi-Annual Channel,Windows 10,2022-04-12,18363.2212,KB5012591
Semi-Annual Channel,Windows 10,2022-03-08,18363.2158,KB5011485
Semi-Annual Channel,Windows 10,2022-02-08,18363.2094,KB5010345
Semi-Annual Channel,Windows 10,2022-01-17,18363.2039,KB5010792
Semi-Annual Channel,Windows 10,2022-01-11,18363.2037,KB5009545
Semi-Annual Channel,Windows 10,2021-12-14,18363.1977,KB5008206
Semi-Annual Channel,Windows 10,2021-11-09,18363.1916,KB5007189
Semi-Annual Channel,Windows 10,2021-10-12,18363.1854,KB5006667
Semi-Annual Channel,Windows 10,2021-09-21,18363.1832,KB5005624
Semi-Annual Channel,Windows 10,2021-09-14,18363.1801,KB5005566
Semi-Annual Channel,Windows 10,2021-08-26,18363.1766,KB5005103
Semi-Annual Channel,Windows 10,2021-08-10,18363.1734,KB5005031
Semi-Annual Channel,Windows 10,2021-07-29,18363.1714,KB5004293
Semi-Annual Channel,Windows 10,2021-07-13,18363.1679,KB5004245
Semi-Annual Channel,Windows 10,2021-07-06,18363.1646,KB5004946
Semi-Annual Channel,Windows 10,2021-06-15,18363.1645,KB5003698
Semi-Annual Channel,Windows 10,2021-06-08,18363.1621,KB5003635
Semi-Annual Channel,Windows 10,2021-05-20,18363.1593,KB5003212
Semi-Annual Channel,Windows 10,2021-05-11,18363.1556,KB5003169
Semi-Annual Channel,Windows 10,2021-04-22,18363.1533,KB5001396
Semi-Annual Channel,Windows 10,2021-04-13,18363.1500,KB5001337
Semi-Annual Channel,Windows 10,2021-03-25,18363.1474,KB5000850
Semi-Annual Channel,Windows 10,2021-03-18,18363.1443,KB5001648
Semi-Annual Channel,Windows 10,2021-03-15,18363.1441,KB5001566
Semi-Annual Channel,Windows 10,2021-03-09,18363.1440,KB5000808
Semi-Annual Channel,Windows 10,2021-02-16,18363.1411,KB4601380
Semi-Annual Channel,Windows 10,2021-02-11,18363.1379,KB5001028
Semi-Annual Channel,Windows 10,2021-02-09,18363.1377,KB4601315
Semi-Annual Channel,Windows 10,2021-01-21,18363.1350,KB4598298
Semi-Annual Channel,Windows 10,2021-01-12,18363.1316,KB4598229
Semi-Annual Channel,Windows 10,2020-12-08,18363.1256,KB4592449
Semi-Annual Channel,Windows 10,2020-11-19,18363.1237,KB4586819
Semi-Annual Channel,Windows 10,2020-11-19,18363.1199,KB4594443
Semi-Annual Channel,Windows 10,2020-11-10,18363.1198,KB4586786
Semi-Annual Channel,Windows 10,2020-10-20,18363.1171,KB4580386
Semi-Annual Channel,Windows 10,2020-10-13,18363.1139,KB4577671
Semi-Annual Channel,Windows 10,2020-09-16,18363.1110,KB4577062
Semi-Annual Channel,Windows 10,2020-09-08,18363.1082,KB4574727
Semi-Annual Channel,Windows 10,2020-08-20,18363.1049,KB4566116
Semi-Annual Channel,Windows 10,2020-08-11,18363.1016,KB4565351
Semi-Annual Channel,Windows 10,2020-07-21,18363.997,KB4559004
Semi-Annual Channel,Windows 10,2020-07-14,18363.959,KB4565483
Semi-Annual Channel,Windows 10,2020-06-16,18363.904,KB4567512
Semi-Annual Channel,Windows 10,2020-06-09,18363.900,KB4560960
Semi-Annual Channel,Windows 10,2020-05-12,18363.836,KB4556799
Semi-Annual Channel,Windows 10,2020-04-21,18363.815,KB4550945
Semi-Annual Channel,Windows 10,2020-04-14,18363.778,KB4549951
Semi-Annual Channel,Windows 10,2020-03-30,18363.753,KB4554364
Semi-Annual Channel,Windows 10,2020-03-24,18363.752,KB4541335
Semi-Annual Channel,Windows 10,2020-03-12,18363.720,KB4551762
Semi-Annual Channel,Windows 10,2020-03-10,18363.719,KB4540673
Semi-Annual Channel,Windows 10,2020-02-27,18363.693,KB4535996
Semi-Annual Channel,Windows 10,2020-02-11,18363.657,KB4532693
Semi-Annual Channel,Windows 10,2020-01-28,18363.628,KB4532695
Semi-Annual Channel,Windows 10,2020-01-14,18363.592,KB4528760
Semi-Annual Channel,Windows 10,2019-12-10,18363.535,KB4530684
Semi-Annual Channel,Windows 10,2019-11-12,18363.476,KB4524570
Semi-Annual Channel,Windows 10,2020-12-08,18362.1256,KB4592449
Semi-Annual Channel,Windows 10,2020-11-19,18362.1237,KB4586819
Semi-Annual Channel,Windows 10,2020-11-19,18362.1199,KB4594443
Semi-Annual Channel,Windows 10,2020-11-10,18362.1198,KB4586786
Semi-Annual Channel,Windows 10,2020-10-20,18362.1171,KB4580386
Semi-Annual Channel,Windows 10,2020-10-13,18362.1139,KB4577671
Semi-Annual Channel,Windows 10,2020-09-16,18362.1110,KB4577062
Semi-Annual Channel,Windows 10,2020-09-08,18362.1082,KB4574727
Semi-Annual Channel,Windows 10,2020-08-20,18362.1049,KB4566116
Semi-Annual Channel,Windows 10,2020-08-11,18362.1016,KB4565351
Semi-Annual Channel,Windows 10,2020-07-21,18362.997,KB4559004
Semi-Annual Channel,Windows 10,2020-07-14,18362.959,KB4565483
Semi-Annual Channel,Windows 10,2020-06-16,18362.904,KB4567512
Semi-Annual Channel,Windows 10,2020-06-09,18362.900,KB4560960
Semi-Annual Channel,Windows 10,2020-05-12,18362.836,KB4556799
Semi-Annual Channel,Windows 10,2020-04-21,18362.815,KB4550945
Semi-Annual Channel,Windows 10,2020-04-14,18362.778,KB4549951
Semi-Annual Channel,Windows 10,2020-03-30,18362.753,KB4554364
Semi-Annual Channel,Windows 10,2020-03-24,18362.752,KB4541335
Semi-Annual Channel,Windows 10,2020-03-12,18362.720,KB4551762
Semi-Annual Channel,Windows 10,2020-03-10,18362.719,KB4540673
Semi-Annual Channel,Windows 10,2020-02-27,18362.693,KB4535996
Semi-Annual Channel,Windows 10,2020-02-11,18362.657,KB4532693
Semi-Annual Channel,Windows 10,2020-01-28,18362.628,KB4532695
Semi-Annual Channel,Windows 10,2020-01-14,18362.592,KB4528760
Semi-Annual Channel,Windows 10,2019-12-10,18362.535,KB4530684
Semi-Annual Channel,Windows 10,2019-11-12,18362.476,KB4524570
Semi-Annual Channel,Windows 10,2019-10-24,18362.449,KB4522355
Semi-Annual Channel,Windows 10,2019-10-08,18362.418,KB4517389
Semi-Annual Channel,Windows 10,2019-10-03,18362.388,KB4524147
Semi-Annual Channel,Windows 10,2019-09-26,18362.387,KB4517211
Semi-Annual Channel,Windows 10,2019-09-23,18362.357,KB4522016
Semi-Annual Channel,Windows 10,2019-09-10,18362.356,KB4515384
Semi-Annual Channel,Windows 10,2019-08-30,18362.329,KB4512941
Semi-Annual Channel,Windows 10,2019-08-13,18362.295,KB4512508
Semi-Annual Channel,Windows 10,2019-07-26,18362.267,KB4505903
Semi-Annual Channel,Windows 10,2019-07-09,18362.239,KB4507453
Semi-Annual Channel,Windows 10,2019-06-27,18362.207,KB4501375
Semi-Annual Channel,Windows 10,2019-06-11,18362.175,KB4503293
Semi-Annual Channel,Windows 10,2019-05-29,18362.145,KB4497935
Semi-Annual Channel,Windows 10,2019-05-21,18362.116,KB4505057
LTSC,Windows 10,2025-08-12,17763.7678,KB5063877
LTSC,Windows 10,2025-07-08,17763.7558,KB5062557
LTSC,Windows 10,2025-06-10,17763.7434,KB5060531
LTSC,Windows 10,2025-05-27,17763.7322,KB5061978
LTSC,Windows 10,2025-05-13,17763.7314,KB5058392
LTSC,Windows 10,2025-04-16,17763.7249,KB5059091
LTSC,Windows 10,2025-04-11,17763.7240,KB5058922
LTSC,Windows 10,2025-04-08,17763.7136,KB5055519
LTSC,Windows 10,2025-03-11,17763.7009,KB5053596
LTSC,Windows 10,2025-02-11,17763.6893,KB5052000
LTSC,Windows 10,2025-01-14,17763.6775,KB5050008
LTSC,Windows 10,2024-12-10,17763.6659,KB5048661
LTSC,Windows 10,2024-11-12,17763.6532,KB5046615
LTSC,Windows 10,2024-10-08,17763.6414,KB5044277
LTSC,Windows 10,2024-09-10,17763.6293,KB5043050
LTSC,Windows 10,2024-08-13,17763.6189,KB5041578
LTSC,Windows 10,2024-07-09,17763.6054,KB5040430
LTSC,Windows 10,2024-06-11,17763.5936,KB5039217
LTSC,Windows 10,2024-05-23,17763.5830,KB5039705
LTSC,Windows 10,2024-05-14,17763.5820,KB5037765
LTSC,Windows 10,2024-04-09,17763.5696,KB5036896
LTSC,Windows 10,2024-03-25,17763.5579,KB5037425
LTSC,Windows 10,2024-03-12,17763.5576,KB5035849
LTSC,Windows 10,2024-02-13,17763.5458,KB5034768
LTSC,Windows 10,2024-01-09,17763.5329,KB5034127
LTSC,Windows 10,2023-12-12,17763.5206,KB5033371
LTSC,Windows 10,2023-11-14,17763.5122,KB5032196
LTSC,Windows 10,2023-10-10,17763.4974,KB5031361
LTSC,Windows 10,2023-09-12,17763.4851,KB5030214
LTSC,Windows 10,2023-08-08,17763.4737,KB5029247
LTSC,Windows 10,2023-07-11,17763.4645,KB5028168
LTSC,Windows 10,2023-06-13,17763.4499,KB5027222
LTSC,Windows 10,2023-05-09,17763.4377,KB5026362
LTSC,Windows 10,2023-04-11,17763.4252,KB5025229
LTSC,Windows 10,2023-03-14,17763.4131,KB5023702
LTSC,Windows 10,2023-02-14,17763.4010,KB5022840
LTSC,Windows 10,2023-01-10,17763.3887,KB5022286
LTSC,Windows 10,2022-12-20,17763.3772,KB5022554
LTSC,Windows 10,2022-12-13,17763.3770,KB5021237
LTSC,Windows 10,2022-11-17,17763.3653,KB5021655
LTSC,Windows 10,2022-11-08,17763.3650,KB5019966
LTSC,Windows 10,2022-10-17,17763.3534,KB5020438
LTSC,Windows 10,2022-10-11,17763.3532,KB5018419
LTSC,Windows 10,2022-09-20,17763.3469,KB5017379
LTSC,Windows 10,2022-09-13,17763.3406,KB5017315
LTSC,Windows 10,2022-08-23,17763.3346,KB5016690
LTSC,Windows 10,2022-08-09,17763.3287,KB5016623
LTSC,Windows 10,2022-07-21,17763.3232,KB5015880
LTSC,Windows 10,2022-07-12,17763.3165,KB5015811
LTSC,Windows 10,2022-06-23,17763.3113,KB5014669
LTSC,Windows 10,2022-06-14,17763.3046,KB5014692
LTSC,Windows 10,2022-05-24,17763.2989,KB5014022
LTSC,Windows 10,2022-05-19,17763.2931,KB5015018
LTSC,Windows 10,2022-05-10,17763.2928,KB5013941
LTSC,Windows 10,2022-04-21,17763.2867,KB5012636
LTSC,Windows 10,2022-04-12,17763.2803,KB5012647
LTSC,Windows 10,2022-03-22,17763.2746,KB5011551
LTSC,Windows 10,2022-03-08,17763.2686,KB5011503
LTSC,Windows 10,2022-02-15,17763.2628,KB5010427
LTSC,Windows 10,2022-02-08,17763.2565,KB5010351
LTSC,Windows 10,2022-01-25,17763.2510,KB5009616
LTSC,Windows 10,2022-01-18,17763.2458,KB5010791
LTSC,Windows 10,2022-01-11,17763.2452,KB5009557
LTSC,Windows 10,2022-01-04,17763.2369,KB5010196
LTSC,Windows 10,2021-12-14,17763.2366,KB5008218
LTSC,Windows 10,2021-11-22,17763.2330,KB5007266
LTSC,Windows 10,2021-11-14,17763.2305,KB5008602
LTSC,Windows 10,2021-11-09,17763.2300,KB5007206
LTSC,Windows 10,2021-10-19,17763.2268,KB5006744
LTSC,Windows 10,2021-10-12,17763.2237,KB5006672
LTSC,Windows 10,2021-09-21,17763.2213,KB5005625
LTSC,Windows 10,2021-09-14,17763.2183,KB5005568
LTSC,Windows 10,2021-08-26,17763.2145,KB5005102
LTSC,Windows 10,2021-08-10,17763.2114,KB5005030
LTSC,Windows 10,2021-07-27,17763.2091,KB5005394
LTSC,Windows 10,2021-07-20,17763.2090,KB5004308
LTSC,Windows 10,2021-07-13,17763.2061,KB5004244
LTSC,Windows 10,2021-07-06,17763.2029,KB5004947
LTSC,Windows 10,2021-06-15,17763.2028,KB5003703
LTSC,Windows 10,2021-06-08,17763.1999,KB5003646
LTSC,Windows 10,2021-05-20,17763.1971,KB5003217
Semi-Annual Channel  •  Semi-Annual Channel (Targeted)  •  LTSC,Windows 10,2021-05-11,17763.1935,KB5003171
Semi-Annual Channel  •  Semi-Annual Channel (Targeted)  •  LTSC,Windows 10,2021-04-22,17763.1911,KB5001384
Semi-Annual Channel  •  Semi-Annual Channel (Targeted)  •  LTSC,Windows 10,2021-04-13,17763.1879,KB5001342
Semi-Annual Channel  •  Semi-Annual Channel (Targeted)  •  LTSC,Windows 10,2021-03-25,17763.1852,KB5000854
Semi-Annual Channel  •  Semi-Annual Channel (Targeted)  •  LTSC,Windows 10,2021-03-18,17763.1823,KB5001638
Semi-Annual Channel  •  Semi-Annual Channel (Targeted)  •  LTSC,Windows 10,2021-03-15,17763.1821,KB5001568
Semi-Annual Channel  •  Semi-Annual Channel (Targeted)  •  LTSC,Windows 10,2021-03-09,17763.1817,KB5000822
Semi-Annual Channel  •  Semi-Annual Channel (Targeted)  •  LTSC,Windows 10,2021-02-16,17763.1790,KB4601383
Semi-Annual Channel  •  Semi-Annual Channel (Targeted)  •  LTSC,Windows 10,2021-02-09,17763.1757,KB4601345
Semi-Annual Channel  •  Semi-Annual Channel (Targeted)  •  LTSC,Windows 10,2021-01-21,17763.1728,KB4598296
Semi-Annual Channel  •  Semi-Annual Channel (Targeted)  •  LTSC,Windows 10,2021-01-12,17763.1697,KB4598230
Semi-Annual Channel  •  Semi-Annual Channel (Targeted)  •  LTSC,Windows 10,2020-12-08,17763.1637,KB4592440
Semi-Annual Channel  •  Semi-Annual Channel (Targeted)  •  LTSC,Windows 10,2020-11-19,17763.1613,KB4586839
Semi-Annual Channel  •  Semi-Annual Channel (Targeted)  •  LTSC,Windows 10,2020-11-17,17763.1579,KB4594442
Semi-Annual Channel  •  Semi-Annual Channel (Targeted)  •  LTSC,Windows 10,2020-11-10,17763.1577,KB4586793
Semi-Annual Channel  •  Semi-Annual Channel (Targeted)  •  LTSC,Windows 10,2020-10-20,17763.1554,KB4580390
Semi-Annual Channel  •  Semi-Annual Channel (Targeted)  •  LTSC,Windows 10,2020-10-13,17763.1518,KB4577668
Semi-Annual Channel  •  Semi-Annual Channel (Targeted)  •  LTSC,Windows 10,2020-09-16,17763.1490,KB4577069
Semi-Annual Channel  •  Semi-Annual Channel (Targeted)  •  LTSC,Windows 10,2020-09-08,17763.1457,KB4570333
Semi-Annual Channel  •  Semi-Annual Channel (Targeted)  •  LTSC,Windows 10,2020-08-20,17763.1432,KB4571748
Semi-Annual Channel  •  Semi-Annual Channel (Targeted)  •  LTSC,Windows 10,2020-08-11,17763.1397,KB4565349
Semi-Annual Channel  •  Semi-Annual Channel (Targeted)  •  LTSC,Windows 10,2020-07-21,17763.1369,KB4559003
Semi-Annual Channel  •  Semi-Annual Channel (Targeted)  •  LTSC,Windows 10,2020-07-14,17763.1339,KB4558998
Semi-Annual Channel  •  Semi-Annual Channel (Targeted)  •  LTSC,Windows 10,2020-06-16,17763.1294,KB4567513
Semi-Annual Channel  •  Semi-Annual Channel (Targeted)  •  LTSC,Windows 10,2020-06-09,17763.1282,KB4561608
Semi-Annual Channel  •  Semi-Annual Channel (Targeted)  •  LTSC,Windows 10,2020-05-12,17763.1217,KB4551853
Semi-Annual Channel  •  Semi-Annual Channel (Targeted)  •  LTSC,Windows 10,2020-04-21,17763.1192,KB4550969
Semi-Annual Channel  •  Semi-Annual Channel (Targeted)  •  LTSC,Windows 10,2020-04-14,17763.1158,KB4549949
Semi-Annual Channel  •  Semi-Annual Channel (Targeted)  •  LTSC,Windows 10,2020-03-30,17763.1132,KB4554354
Semi-Annual Channel  •  Semi-Annual Channel (Targeted)  •  LTSC,Windows 10,2020-03-17,17763.1131,KB4541331
Semi-Annual Channel  •  Semi-Annual Channel (Targeted)  •  LTSC,Windows 10,2020-03-10,17763.1098,KB4538461
Semi-Annual Channel  •  Semi-Annual Channel (Targeted)  •  LTSC,Windows 10,2020-02-25,17763.1075,KB4537818
Semi-Annual Channel  •  Semi-Annual Channel (Targeted)  •  LTSC,Windows 10,2020-02-11,17763.1039,KB4532691
Semi-Annual Channel  •  Semi-Annual Channel (Targeted)  •  LTSC,Windows 10,2020-01-23,17763.1012,KB4534321
Semi-Annual Channel  •  Semi-Annual Channel (Targeted)  •  LTSC,Windows 10,2020-01-14,17763.973,KB4534273
Semi-Annual Channel  •  Semi-Annual Channel (Targeted)  •  LTSC,Windows 10,2019-12-10,17763.914,KB4530715
Semi-Annual Channel  •  Semi-Annual Channel (Targeted)  •  LTSC,Windows 10,2019-11-12,17763.864,KB4523205
Semi-Annual Channel  •  Semi-Annual Channel (Targeted)  •  LTSC,Windows 10,2019-10-15,17763.832,KB4520062
Semi-Annual Channel  •  Semi-Annual Channel (Targeted)  •  LTSC,Windows 10,2019-10-08,17763.805,KB4519338
Semi-Annual Channel  •  Semi-Annual Channel (Targeted)  •  LTSC,Windows 10,2019-10-03,17763.775,KB4524148
Semi-Annual Channel  •  Semi-Annual Channel (Targeted)  •  LTSC,Windows 10,2019-09-24,17763.774,KB4516077
Semi-Annual Channel  •  Semi-Annual Channel (Targeted)  •  LTSC,Windows 10,2019-09-23,17763.740,KB4522015
Semi-Annual Channel  •  Semi-Annual Channel (Targeted)  •  LTSC,Windows 10,2019-09-10,17763.737,KB4512578
Semi-Annual Channel  •  Semi-Annual Channel (Targeted)  •  LTSC,Windows 10,2019-08-17,17763.720,KB4512534
Semi-Annual Channel  •  Semi-Annual Channel (Targeted)  •  LTSC,Windows 10,2019-08-13,17763.678,KB4511553
Semi-Annual Channel  •  Semi-Annual Channel (Targeted)  •  LTSC,Windows 10,2019-07-22,17763.652,KB4505658
Semi-Annual Channel  •  Semi-Annual Channel (Targeted)  •  LTSC,Windows 10,2019-07-09,17763.615,KB4507469
Semi-Annual Channel  •  Semi-Annual Channel (Targeted)  •  LTSC,Windows 10,2019-06-26,17763.593,KB4509479
Semi-Annual Channel  •  Semi-Annual Channel (Targeted)  •  LTSC,Windows 10,2019-06-18,17763.592,KB4501371
Semi-Annual Channel  •  Semi-Annual Channel (Targeted)  •  LTSC,Windows 10,2019-06-11,17763.557,KB4503327
Semi-Annual Channel  •  Semi-Annual Channel (Targeted)  •  LTSC,Windows 10,2019-05-21,17763.529,KB4497934
Semi-Annual Channel  •  Semi-Annual Channel (Targeted)  •  LTSC,Windows 10,2019-05-19,17763.504,KB4505056
Semi-Annual Channel  •  Semi-Annual Channel (Targeted)  •  LTSC,Windows 10,2019-05-14,17763.503,KB4494441
Semi-Annual Channel  •  Semi-Annual Channel (Targeted)  •  LTSC,Windows 10,2019-05-03,17763.475,KB4495667
Semi-Annual Channel  •  Semi-Annual Channel (Targeted)  •  LTSC,Windows 10,2019-05-01,17763.439,KB4501835
Semi-Annual Channel  •  Semi-Annual Channel (Targeted)  •  LTSC,Windows 10,2019-04-09,17763.437,KB4493509
Semi-Annual Channel  •  Semi-Annual Channel (Targeted)  •  LTSC,Windows 10,2019-04-02,17763.404,KB4490481
Semi-Annual Channel  •  Semi-Annual Channel (Targeted)  •  LTSC,Windows 10,2019-03-12,17763.379,KB4489899
Semi-Annual Channel (Targeted)  •  LTSC,Windows 10,2019-03-01,17763.348,KB4482887
Semi-Annual Channel (Targeted)  •  LTSC,Windows 10,2019-02-12,17763.316,KB4487044
Semi-Annual Channel (Targeted)  •  LTSC,Windows 10,2019-01-22,17763.292,KB4476976
Semi-Annual Channel (Targeted)  •  LTSC,Windows 10,2019-01-08,17763.253,KB4480116
Semi-Annual Channel (Targeted)  •  LTSC,Windows 10,2018-12-19,17763.195,KB4483235
Semi-Annual Channel (Targeted)  •  LTSC,Windows 10,2018-12-11,17763.194,KB4471332
Semi-Annual Channel (Targeted)  •  LTSC,Windows 10,2018-12-05,17763.168,KB4469342
Semi-Annual Channel (Targeted)  •  LTSC,Windows 10,2018-11-13,17763.134,KB4467708
Semi-Annual Channel (Targeted)  •  LTSC,Windows 10,2018-11-13,17763.107,KB4464455
Semi-Annual Channel (Targeted)  •  LTSC,Windows 10,2018-10-09,17763.55,KB4464330
Semi-Annual Channel (Targeted)  •  LTSC,Windows 10,2018-10-02,17763.1,
Semi-Annual Channel  •  Semi-Annual Channel (Targeted),Windows 10,2021-05-11,17134.2208,KB5003174
Semi-Annual Channel  •  Semi-Annual Channel (Targeted),Windows 10,2021-04-13,17134.2145,KB5001339
Semi-Annual Channel  •  Semi-Annual Channel (Targeted),Windows 10,2021-03-18,17134.2090,KB5001634
Semi-Annual Channel  •  Semi-Annual Channel (Targeted),Windows 10,2021-03-15,17134.2088,KB5001565
Semi-Annual Channel  •  Semi-Annual Channel (Targeted),Windows 10,2021-03-09,17134.2087,KB5000809
Semi-Annual Channel  •  Semi-Annual Channel (Targeted),Windows 10,2021-02-09,17134.2026,KB4601354
Semi-Annual Channel  •  Semi-Annual Channel (Targeted),Windows 10,2021-01-12,17134.1967,KB4598245
Semi-Annual Channel  •  Semi-Annual Channel (Targeted),Windows 10,2020-12-08,17134.1902,KB4592446
Semi-Annual Channel  •  Semi-Annual Channel (Targeted),Windows 10,2020-11-10,17134.1845,KB4586785
Semi-Annual Channel  •  Semi-Annual Channel (Targeted),Windows 10,2020-10-13,17134.1792,KB4580330
Semi-Annual Channel  •  Semi-Annual Channel (Targeted),Windows 10,2020-09-08,17134.1726,KB4577032
Semi-Annual Channel  •  Semi-Annual Channel (Targeted),Windows 10,2020-08-11,17134.1667,KB4571709
Semi-Annual Channel  •  Semi-Annual Channel (Targeted),Windows 10,2020-07-14,17134.1610,KB4565489
Semi-Annual Channel  •  Semi-Annual Channel (Targeted),Windows 10,2020-06-16,17134.1553,KB4567514
Semi-Annual Channel  •  Semi-Annual Channel (Targeted),Windows 10,2020-06-09,17134.1550,KB4561621
Semi-Annual Channel  •  Semi-Annual Channel (Targeted),Windows 10,2020-05-12,17134.1488,KB4556807
Semi-Annual Channel  •  Semi-Annual Channel (Targeted),Windows 10,2020-04-21,17134.1456,KB4550944
Semi-Annual Channel  •  Semi-Annual Channel (Targeted),Windows 10,2020-04-14,17134.1425,KB4550922
Semi-Annual Channel  •  Semi-Annual Channel (Targeted),Windows 10,2020-03-30,17134.1401,KB4554349
Semi-Annual Channel  •  Semi-Annual Channel (Targeted),Windows 10,2020-03-17,17134.1399,KB4541333
Semi-Annual Channel  •  Semi-Annual Channel (Targeted),Windows 10,2020-03-10,17134.1365,KB4540689
Semi-Annual Channel  •  Semi-Annual Channel (Targeted),Windows 10,2020-02-25,17134.1345,KB4537795
Semi-Annual Channel  •  Semi-Annual Channel (Targeted),Windows 10,2020-02-11,17134.1304,KB4537762
Semi-Annual Channel  •  Semi-Annual Channel (Targeted),Windows 10,2020-01-23,17134.1276,KB4534308
Semi-Annual Channel  •  Semi-Annual Channel (Targeted),Windows 10,2020-01-14,17134.1246,KB4534293
Semi-Annual Channel  •  Semi-Annual Channel (Targeted),Windows 10,2019-12-10,17134.1184,KB4530717
Semi-Annual Channel  •  Semi-Annual Channel (Targeted),Windows 10,2019-11-12,17134.1130,KB4525237
Semi-Annual Channel  •  Semi-Annual Channel (Targeted),Windows 10,2019-10-15,17134.1099,KB4519978
Semi-Annual Channel  •  Semi-Annual Channel (Targeted),Windows 10,2019-10-08,17134.1069,KB4520008
Semi-Annual Channel  •  Semi-Annual Channel (Targeted),Windows 10,2019-10-03,17134.1040,KB4524149
Semi-Annual Channel  •  Semi-Annual Channel (Targeted),Windows 10,2019-09-24,17134.1039,KB4516045
Semi-Annual Channel  •  Semi-Annual Channel (Targeted),Windows 10,2019-09-23,17134.1009,KB4522014
Semi-Annual Channel  •  Semi-Annual Channel (Targeted),Windows 10,2019-09-10,17134.1006,KB4516058
Semi-Annual Channel  •  Semi-Annual Channel (Targeted),Windows 10,2019-08-19,17134.984,KB4512509
Semi-Annual Channel  •  Semi-Annual Channel (Targeted),Windows 10,2019-08-13,17134.950,KB4512501
Semi-Annual Channel  •  Semi-Annual Channel (Targeted),Windows 10,2019-07-16,17134.915,KB4507466
Semi-Annual Channel  •  Semi-Annual Channel (Targeted),Windows 10,2019-07-09,17134.885,KB4507435
Semi-Annual Channel  •  Semi-Annual Channel (Targeted),Windows 10,2019-06-26,17134.860,KB4509478
Semi-Annual Channel  •  Semi-Annual Channel (Targeted),Windows 10,2019-06-18,17134.858,KB4503288
Semi-Annual Channel  •  Semi-Annual Channel (Targeted),Windows 10,2019-06-11,17134.829,KB4503286
Semi-Annual Channel  •  Semi-Annual Channel (Targeted),Windows 10,2019-05-21,17134.799,KB4499183
Semi-Annual Channel  •  Semi-Annual Channel (Targeted),Windows 10,2019-05-19,17134.766,KB4505064
Semi-Annual Channel  •  Semi-Annual Channel (Targeted),Windows 10,2019-05-14,17134.765,KB4499167
Semi-Annual Channel  •  Semi-Annual Channel (Targeted),Windows 10,2019-04-25,17134.753,KB4493437
Semi-Annual Channel  •  Semi-Annual Channel (Targeted),Windows 10,2019-04-09,17134.706,KB4493464
Semi-Annual Channel  •  Semi-Annual Channel (Targeted),Windows 10,2019-03-19,17134.677,KB4489894
Semi-Annual Channel  •  Semi-Annual Channel (Targeted),Windows 10,2019-03-12,17134.648,KB4489868
Semi-Annual Channel  •  Semi-Annual Channel (Targeted),Windows 10,2019-02-19,17134.619,KB4487029
Semi-Annual Channel  •  Semi-Annual Channel (Targeted),Windows 10,2019-02-12,17134.590,KB4487017
Semi-Annual Channel  •  Semi-Annual Channel (Targeted),Windows 10,2019-01-15,17134.556,KB4480976
Semi-Annual Channel  •  Semi-Annual Channel (Targeted),Windows 10,2019-01-08,17134.523,KB4480966
Semi-Annual Channel  •  Semi-Annual Channel (Targeted),Windows 10,2018-12-19,17134.472,KB4483234
Semi-Annual Channel  •  Semi-Annual Channel (Targeted),Windows 10,2018-12-11,17134.471,KB4471324
Semi-Annual Channel  •  Semi-Annual Channel (Targeted),Windows 10,2018-11-27,17134.441,KB4467682
Semi-Annual Channel  •  Semi-Annual Channel (Targeted),Windows 10,2018-11-13,17134.407,KB4467702
Semi-Annual Channel  •  Semi-Annual Channel (Targeted),Windows 10,2018-10-24,17134.376,KB4462933
Semi-Annual Channel  •  Semi-Annual Channel (Targeted),Windows 10,2018-10-09,17134.345,KB4462919
Semi-Annual Channel  •  Semi-Annual Channel (Targeted),Windows 10,2018-09-26,17134.320,KB4458469
Semi-Annual Channel  •  Semi-Annual Channel (Targeted),Windows 10,2018-09-17,17134.286,KB4464218
Semi-Annual Channel  •  Semi-Annual Channel (Targeted),Windows 10,2018-09-11,17134.285,KB4457128
Semi-Annual Channel  •  Semi-Annual Channel (Targeted),Windows 10,2018-08-30,17134.254,KB4346783
Semi-Annual Channel  •  Semi-Annual Channel (Targeted),Windows 10,2018-08-14,17134.228,KB4343909
Semi-Annual Channel  •  Semi-Annual Channel (Targeted),Windows 10,2018-07-24,17134.191,KB4340917
Semi-Annual Channel  •  Semi-Annual Channel (Targeted),Windows 10,2018-07-16,17134.167,KB4345421
Semi-Annual Channel  •  Semi-Annual Channel (Targeted),Windows 10,2018-07-10,17134.165,KB4338819
Semi-Annual Channel (Targeted),Windows 10,2018-06-26,17134.137,KB4284848
Semi-Annual Channel (Targeted),Windows 10,2018-06-12,17134.112,KB4284835
Semi-Annual Channel (Targeted),Windows 10,2018-06-05,17134.83,KB4338548
Semi-Annual Channel (Targeted),Windows 10,2018-05-23,17134.81,KB4100403
Semi-Annual Channel (Targeted),Windows 10,2018-05-08,17134.48,KB4103721
Semi-Annual Channel  •  Semi-Annual Channel (Targeted),Windows 10,2020-10-13,16299.2166,KB4580328
Semi-Annual Channel  •  Semi-Annual Channel (Targeted),Windows 10,2020-09-08,16299.2107,KB4577041
Semi-Annual Channel  •  Semi-Annual Channel (Targeted),Windows 10,2020-08-11,16299.2045,KB4571741
Semi-Annual Channel  •  Semi-Annual Channel (Targeted),Windows 10,2020-07-14,16299.1992,KB4565508
Semi-Annual Channel  •  Semi-Annual Channel (Targeted),Windows 10,2020-06-18,16299.1937,KB4567515
Semi-Annual Channel  •  Semi-Annual Channel (Targeted),Windows 10,2020-06-09,16299.1932,KB4561602
Semi-Annual Channel  •  Semi-Annual Channel (Targeted),Windows 10,2020-05-12,16299.1868,KB4556812
Semi-Annual Channel  •  Semi-Annual Channel (Targeted),Windows 10,2020-04-14,16299.1806,KB4550927
Semi-Annual Channel  •  Semi-Annual Channel (Targeted),Windows 10,2020-03-30,16299.1776,KB4554342
Semi-Annual Channel  •  Semi-Annual Channel (Targeted),Windows 10,2020-03-17,16299.1775,KB4541330
Semi-Annual Channel  •  Semi-Annual Channel (Targeted),Windows 10,2020-03-10,16299.1747,KB4540681
Semi-Annual Channel  •  Semi-Annual Channel (Targeted),Windows 10,2020-02-25,16299.1717,KB4537816
Semi-Annual Channel  •  Semi-Annual Channel (Targeted),Windows 10,2020-02-11,16299.1686,KB4537789
Semi-Annual Channel  •  Semi-Annual Channel (Targeted),Windows 10,2020-01-23,16299.1654,KB4534318
Semi-Annual Channel  •  Semi-Annual Channel (Targeted),Windows 10,2020-01-14,16299.1625,KB4534276
Semi-Annual Channel  •  Semi-Annual Channel (Targeted),Windows 10,2019-12-10,16299.1565,KB4530714
Semi-Annual Channel  •  Semi-Annual Channel (Targeted),Windows 10,2019-11-12,16299.1508,KB4525241
Semi-Annual Channel  •  Semi-Annual Channel (Targeted),Windows 10,2019-10-15,16299.1481,KB4520006
Semi-Annual Channel  •  Semi-Annual Channel (Targeted),Windows 10,2019-10-08,16299.1451,KB4520004
Semi-Annual Channel  •  Semi-Annual Channel (Targeted),Windows 10,2019-10-03,16299.1421,KB4524150
Semi-Annual Channel  •  Semi-Annual Channel (Targeted),Windows 10,2019-09-24,16299.1420,KB4516071
Semi-Annual Channel  •  Semi-Annual Channel (Targeted),Windows 10,2019-09-23,16299.1392,KB4522012
Semi-Annual Channel  •  Semi-Annual Channel (Targeted),Windows 10,2019-09-10,16299.1387,KB4516066
Semi-Annual Channel  •  Semi-Annual Channel (Targeted),Windows 10,2019-08-16,16299.1365,KB4512494
Semi-Annual Channel  •  Semi-Annual Channel (Targeted),Windows 10,2019-08-13,16299.1331,KB4512516
Semi-Annual Channel  •  Semi-Annual Channel (Targeted),Windows 10,2019-07-16,16299.1296,KB4507465
Semi-Annual Channel  •  Semi-Annual Channel (Targeted),Windows 10,2019-07-09,16299.1268,KB4507455
Semi-Annual Channel  •  Semi-Annual Channel (Targeted),Windows 10,2019-06-26,16299.1239,KB4509477
Semi-Annual Channel  •  Semi-Annual Channel (Targeted),Windows 10,2019-06-18,16299.1237,KB4503281
Semi-Annual Channel  •  Semi-Annual Channel (Targeted),Windows 10,2019-06-11,16299.1217,KB4503284
Semi-Annual Channel  •  Semi-Annual Channel (Targeted),Windows 10,2019-05-28,16299.1182,KB4499147
Semi-Annual Channel  •  Semi-Annual Channel (Targeted),Windows 10,2019-05-19,16299.1150,KB4505062
Semi-Annual Channel  •  Semi-Annual Channel (Targeted),Windows 10,2019-05-14,16299.1146,KB4499179
Semi-Annual Channel  •  Semi-Annual Channel (Targeted),Windows 10,2019-04-25,16299.1127,KB4493440
Semi-Annual Channel  •  Semi-Annual Channel (Targeted),Windows 10,2019-04-09,16299.1087,KB4493441
Semi-Annual Channel  •  Semi-Annual Channel (Targeted),Windows 10,2019-03-19,16299.1059,KB4489890
Semi-Annual Channel  •  Semi-Annual Channel (Targeted),Windows 10,2019-03-12,16299.1029,KB4489886
Semi-Annual Channel  •  Semi-Annual Channel (Targeted),Windows 10,2019-02-19,16299.1004,KB4487021
Semi-Annual Channel  •  Semi-Annual Channel (Targeted),Windows 10,2019-02-12,16299.967,KB4486996
Semi-Annual Channel  •  Semi-Annual Channel (Targeted),Windows 10,2019-01-15,16299.936,KB4480967
Semi-Annual Channel  •  Semi-Annual Channel (Targeted),Windows 10,2019-01-08,16299.904,KB4480978
Semi-Annual Channel  •  Semi-Annual Channel (Targeted),Windows 10,2018-12-19,16299.847,KB4483232
Semi-Annual Channel  •  Semi-Annual Channel (Targeted),Windows 10,2018-12-11,16299.846,KB4471329
Semi-Annual Channel  •  Semi-Annual Channel (Targeted),Windows 10,2018-11-27,16299.820,KB4467681
Semi-Annual Channel  •  Semi-Annual Channel (Targeted),Windows 10,2018-11-13,16299.785,KB4467686
Semi-Annual Channel  •  Semi-Annual Channel (Targeted),Windows 10,2018-10-18,16299.755,KB4462932
Semi-Annual Channel  •  Semi-Annual Channel (Targeted),Windows 10,2018-10-09,16299.726,KB4462918
Semi-Annual Channel  •  Semi-Annual Channel (Targeted),Windows 10,2018-09-26,16299.699,KB4457136
Semi-Annual Channel  •  Semi-Annual Channel (Targeted),Windows 10,2018-09-17,16299.666,KB4464217
Semi-Annual Channel  •  Semi-Annual Channel (Targeted),Windows 10,2018-09-11,16299.665,KB4457142
Semi-Annual Channel  •  Semi-Annual Channel (Targeted),Windows 10,2018-08-30,16299.637,KB4343893
Semi-Annual Channel  •  Semi-Annual Channel (Targeted),Windows 10,2018-08-14,16299.611,KB4343897
Semi-Annual Channel  •  Semi-Annual Channel (Targeted),Windows 10,2018-07-24,16299.579,KB4338817
Semi-Annual Channel  •  Semi-Annual Channel (Targeted),Windows 10,2018-07-16,16299.551,KB4345420
Semi-Annual Channel  •  Semi-Annual Channel (Targeted),Windows 10,2018-07-10,16299.547,KB4338825
Semi-Annual Channel  •  Semi-Annual Channel (Targeted),Windows 10,2018-06-21,16299.522,KB4284822
Semi-Annual Channel  •  Semi-Annual Channel (Targeted),Windows 10,2018-06-12,16299.492,KB4284819
Semi-Annual Channel  •  Semi-Annual Channel (Targeted),Windows 10,2018-05-21,16299.461,KB4103714
Semi-Annual Channel  •  Semi-Annual Channel (Targeted),Windows 10,2018-05-08,16299.431,KB4103727
Semi-Annual Channel  •  Semi-Annual Channel (Targeted),Windows 10,2018-04-23,16299.402,KB4093105
Semi-Annual Channel  •  Semi-Annual Channel (Targeted),Windows 10,2018-04-10,16299.371,KB4093112
Semi-Annual Channel  •  Semi-Annual Channel (Targeted),Windows 10,2018-03-22,16299.334,KB4089848
Semi-Annual Channel  •  Semi-Annual Channel (Targeted),Windows 10,2018-03-13,16299.309,KB4088776
Semi-Annual Channel  •  Semi-Annual Channel (Targeted),Windows 10,2018-03-05,16299.251,KB4090913
Semi-Annual Channel  •  Semi-Annual Channel (Targeted),Windows 10,2018-02-13,16299.248,KB4074588
Semi-Annual Channel  •  Semi-Annual Channel (Targeted),Windows 10,2018-01-31,16299.214,KB4058258
Semi-Annual Channel  •  Semi-Annual Channel (Targeted),Windows 10,2018-01-18,16299.201,KB4073291
Semi-Annual Channel  •  Semi-Annual Channel (Targeted),Windows 10,2018-01-17,16299.194,KB4073290
Semi-Annual Channel  •  Semi-Annual Channel (Targeted),Windows 10,2018-01-03,16299.192,KB4056892
Semi-Annual Channel  •  Semi-Annual Channel (Targeted),Windows 10,2017-12-12,16299.125,KB4054517
Semi-Annual Channel (Targeted),Windows 10,2017-11-30,16299.98,KB4051963
Semi-Annual Channel (Targeted),Windows 10,2017-11-14,16299.64,KB4048955
Semi-Annual Channel (Targeted),Windows 10,2017-10-17,16299.19,KB4043961
Semi-Annual Channel  •  CB,Windows 10,2019-10-08,15063.2108,KB4520010
Semi-Annual Channel  •  CB,Windows 10,2019-10-03,15063.2079,KB4524151
Semi-Annual Channel  •  CB,Windows 10,2019-09-24,15063.2078,KB4516059
Semi-Annual Channel  •  CB,Windows 10,2019-09-23,15063.2046,KB4522011
Semi-Annual Channel  •  CB,Windows 10,2019-09-10,15063.2045,KB4516068
Semi-Annual Channel  •  CB,Windows 10,2019-08-17,15063.2021,KB4512474
Semi-Annual Channel  •  CB,Windows 10,2019-08-13,15063.1988,KB4512507
Semi-Annual Channel  •  CB,Windows 10,2019-07-16,15063.1955,KB4507467
Semi-Annual Channel  •  CB,Windows 10,2019-07-09,15063.1928,KB4507450
Semi-Annual Channel  •  CB,Windows 10,2019-06-26,15063.1898,KB4509476
Semi-Annual Channel  •  CB,Windows 10,2019-06-18,15063.1897,KB4503289
Semi-Annual Channel  •  CB,Windows 10,2019-06-11,15063.1868,KB4503279
Semi-Annual Channel  •  CB,Windows 10,2019-05-28,15063.1839,KB4499162
Semi-Annual Channel  •  CB,Windows 10,2019-05-19,15063.1808,KB4505055
Semi-Annual Channel  •  CB,Windows 10,2019-05-14,15063.1805,KB4499181
Semi-Annual Channel  •  CB,Windows 10,2019-05-02,15063.1785,KB4502112
Semi-Annual Channel  •  CB,Windows 10,2019-04-25,15063.1784,KB4493436
Semi-Annual Channel  •  CB,Windows 10,2019-04-09,15063.1746,KB4493474
Semi-Annual Channel  •  CB,Windows 10,2019-03-19,15063.1716,KB4489888
Semi-Annual Channel  •  CB,Windows 10,2019-03-12,15063.1689,KB4489871
Semi-Annual Channel  •  CB,Windows 10,2019-02-19,15063.1659,KB4487011
Semi-Annual Channel  •  CB,Windows 10,2019-02-12,15063.1631,KB4487020
Semi-Annual Channel  •  CB,Windows 10,2019-01-15,15063.1596,KB4480959
Semi-Annual Channel  •  CB,Windows 10,2019-01-08,15063.1563,KB4480973
Semi-Annual Channel  •  CB,Windows 10,2018-12-19,15063.1508,KB4483230
Semi-Annual Channel  •  CB,Windows 10,2018-12-11,15063.1506,KB4471327
Semi-Annual Channel  •  CB,Windows 10,2018-11-27,15063.1478,KB4467699
Semi-Annual Channel  •  CB,Windows 10,2018-11-13,15063.1446,KB4467696
Semi-Annual Channel  •  CB,Windows 10,2018-10-18,15063.1418,KB4462939
Semi-Annual Channel  •  CB,Windows 10,2018-10-09,15063.1387,KB4462937
Semi-Annual Channel  •  CB,Windows 10,2018-09-20,15063.1356,KB4457141
Semi-Annual Channel  •  CB,Windows 10,2018-09-11,15063.1324,KB4457138
Semi-Annual Channel  •  CB,Windows 10,2018-08-30,15063.1292,KB4343889
Semi-Annual Channel  •  CB,Windows 10,2018-08-14,15063.1266,KB4343885
Semi-Annual Channel  •  CB,Windows 10,2018-07-24,15063.1235,KB4338827
Semi-Annual Channel  •  CB,Windows 10,2018-07-16,15063.1209,KB4345419
Semi-Annual Channel  •  CB,Windows 10,2018-07-10,15063.1206,KB4338826
Semi-Annual Channel  •  CB,Windows 10,2018-06-21,15063.1182,KB4284830
Semi-Annual Channel  •  CB,Windows 10,2018-06-12,15063.1155,KB4284874
Semi-Annual Channel  •  CB,Windows 10,2018-05-17,15063.1112,KB4103722
Semi-Annual Channel  •  CB,Windows 10,2018-05-08,15063.1088,KB4103731
Semi-Annual Channel  •  CB,Windows 10,2018-04-17,15063.1058,KB4093117
Semi-Annual Channel  •  CB,Windows 10,2018-04-10,15063.1029,KB4093107
Semi-Annual Channel  •  CB,Windows 10,2018-03-22,15063.994,KB4088891
Semi-Annual Channel  •  CB,Windows 10,2018-03-13,15063.966,KB4088782
Semi-Annual Channel  •  CB,Windows 10,2018-03-08,15063.936,KB4092077
Semi-Annual Channel  •  CB,Windows 10,2018-02-22,15063.936,KB4077528
Semi-Annual Channel  •  CB,Windows 10,2018-02-13,15063.909,KB4074592
Semi-Annual Channel  •  CB,Windows 10,2018-01-17,15063.877,KB4057144
Semi-Annual Channel  •  CB,Windows 10,2018-01-03,15063.850,KB4056891
Semi-Annual Channel  •  CB,Windows 10,2017-12-12,15063.786,KB4053580
Semi-Annual Channel  •  CB,Windows 10,2017-11-22,15063.729,KB4055254
Semi-Annual Channel  •  CB,Windows 10,2017-11-14,15063.726,KB4048954
Semi-Annual Channel  •  CB,Windows 10,2017-11-02,15063.675,KB4049370
Semi-Annual Channel  •  CB,Windows 10,2017-10-10,15063.674,KB4041676
Semi-Annual Channel  •  CB,Windows 10,2017-09-25,15063.632,KB4040724
Semi-Annual Channel  •  CB,Windows 10,2017-09-12,15063.608,KB4038788
Semi-Annual Channel  •  CB,Windows 10,2017-08-08,15063.540,KB4034674
Semi-Annual Channel  •  CB,Windows 10,2017-08-01,15063.502,KB4032188
Semi-Annual Channel  •  CB,Windows 10,2017-07-11,15063.483,KB4025342
CB,Windows 10,2017-06-27,15063.447,KB4022716
CB,Windows 10,2017-06-13,15063.413,KB4022725
CB,Windows 10,2017-05-26,15063.332,KB4020102
CB,Windows 10,2017-05-09,15063.296,KB4016871
CB,Windows 10,2017-04-25,15063.250,KB4016240
CB,Windows 10,2017-04-11,15063.138,KB4015583
CBB  •  CB  •  LTSB,Windows 10,2025-08-12,14393.8330,KB5063871
CBB  •  CB  •  LTSB,Windows 10,2025-07-08,14393.8246,KB5062560
CBB  •  CB  •  LTSB,Windows 10,2025-06-10,14393.8148,KB5061010
CBB  •  CB  •  LTSB,Windows 10,2025-05-13,14393.8066,KB5058383
CBB  •  CB  •  LTSB,Windows 10,2025-04-11,14393.7973,KB5058921
CBB  •  CB  •  LTSB,Windows 10,2025-04-08,14393.7969,KB5055521
CBB  •  CB  •  LTSB,Windows 10,2025-03-11,14393.7876,KB5053594
CBB  •  CB  •  LTSB,Windows 10,2025-02-11,14393.7785,KB5052006
CBB  •  CB  •  LTSB,Windows 10,2025-01-14,14393.7699,KB5049993
CBB  •  CB  •  LTSB,Windows 10,2024-12-10,14393.7606,KB5048671
CBB  •  CB  •  LTSB,Windows 10,2024-11-12,14393.7515,KB5046612
CBB  •  CB  •  LTSB,Windows 10,2024-10-08,14393.7428,KB5044293
CBB  •  CB  •  LTSB,Windows 10,2024-09-10,14393.7336,KB5043051
CBB  •  CB  •  LTSB,Windows 10,2024-08-13,14393.7259,KB5041773
CBB  •  CB  •  LTSB,Windows 10,2024-07-09,14393.7159,KB5040434
CBB  •  CB  •  LTSB,Windows 10,2024-06-11,14393.7070,KB5039214
CBB  •  CB  •  LTSB,Windows 10,2024-05-14,14393.6981,KB5037763
CBB  •  CB  •  LTSB,Windows 10,2024-04-09,14393.6897,KB5036899
CBB  •  CB  •  LTSB,Windows 10,2024-03-22,14393.6800,KB5037423
CBB  •  CB  •  LTSB,Windows 10,2024-03-12,14393.6796,KB5035855
CBB  •  CB  •  LTSB,Windows 10,2024-02-13,14393.6709,KB5034767
CBB  •  CB  •  LTSB,Windows 10,2024-01-09,14393.6614,KB5034119
CBB  •  CB  •  LTSB,Windows 10,2023-12-12,14393.6529,KB5033373
CBB  •  CB  •  LTSB,Windows 10,2023-11-14,14393.6452,KB5032197
CBB  •  CB  •  LTSB,Windows 10,2023-10-10,14393.6351,KB5031362
CBB  •  CB  •  LTSB,Windows 10,2023-09-12,14393.6252,KB5030213
CBB  •  CB  •  LTSB,Windows 10,2023-08-08,14393.6167,KB5029242
CBB  •  CB  •  LTSB,Windows 10,2023-07-11,14393.6085,KB5028169
CBB  •  CB  •  LTSB,Windows 10,2023-06-23,14393.5996,KB5028623
CBB  •  CB  •  LTSB,Windows 10,2023-06-13,14393.5989,KB5027219
CBB  •  CB  •  LTSB,Windows 10,2023-05-09,14393.5921,KB5026363
CBB  •  CB  •  LTSB,Windows 10,2023-04-11,14393.5850,KB5025228
CBB  •  CB  •  LTSB,Windows 10,2023-03-14,14393.5786,KB5023697
CBB  •  CB  •  LTSB,Windows 10,2023-02-14,14393.5717,KB5022838
CBB  •  CB  •  LTSB,Windows 10,2023-01-10,14393.5648,KB5022289
CBB  •  CB  •  LTSB,Windows 10,2022-12-13,14393.5582,KB5021235
CBB  •  CB  •  LTSB,Windows 10,2022-11-17,14393.5502,KB5021654
CBB  •  CB  •  LTSB,Windows 10,2022-11-08,14393.5501,KB5019964
CBB  •  CB  •  LTSB,Windows 10,2022-10-18,14393.5429,KB5020439
CBB  •  CB  •  LTSB,Windows 10,2022-10-11,14393.5427,KB5018411
CBB  •  CB  •  LTSB,Windows 10,2022-09-13,14393.5356,KB5017305
CBB  •  CB  •  LTSB,Windows 10,2022-08-09,14393.5291,KB5016622
CBB  •  CB  •  LTSB,Windows 10,2022-07-12,14393.5246,KB5015808
CBB  •  CB  •  LTSB,Windows 10,2022-06-14,14393.5192,KB5014702
CBB  •  CB  •  LTSB,Windows 10,2022-05-19,14393.5127,KB5015019
CBB  •  CB  •  LTSB,Windows 10,2022-05-10,14393.5125,KB5013952
CBB  •  CB  •  LTSB,Windows 10,2022-04-12,14393.5066,KB5012596
CBB  •  CB  •  LTSB,Windows 10,2022-03-08,14393.5006,KB5011495
CBB  •  CB  •  LTSB,Windows 10,2022-02-08,14393.4946,KB5010359
CBB  •  CB  •  LTSB,Windows 10,2022-01-17,14393.4889,KB5010790
CBB  •  CB  •  LTSB,Windows 10,2022-01-11,14393.4886,KB5009546
CBB  •  CB  •  LTSB,Windows 10,2022-01-05,14393.4827,KB5010195
CBB  •  CB  •  LTSB,Windows 10,2021-12-14,14393.4825,KB5008207
CBB  •  CB  •  LTSB,Windows 10,2021-11-14,14393.4771,KB5008601
CBB  •  CB  •  LTSB,Windows 10,2021-11-09,14393.4770,KB5007192
CBB  •  CB  •  LTSB,Windows 10,2021-10-12,14393.4704,KB5006669
CBB  •  CB  •  LTSB,Windows 10,2021-09-14,14393.4651,KB5005573
CBB  •  CB  •  LTSB,Windows 10,2021-08-10,14393.4583,KB5005043
CBB  •  CB  •  LTSB,Windows 10,2021-07-29,14393.4532,KB5005393
CBB  •  CB  •  LTSB,Windows 10,2021-07-13,14393.4530,KB5004238
CBB  •  CB  •  LTSB,Windows 10,2021-07-07,14393.4470,KB5004948
CBB  •  CB  •  LTSB,Windows 10,2021-06-08,14393.4467,KB5003638
CBB  •  CB  •  LTSB,Windows 10,2021-05-11,14393.4402,KB5003197
CBB  •  CB  •  LTSB,Windows 10,2021-04-13,14393.4350,KB5001347
CBB  •  CB  •  LTSB,Windows 10,2021-03-18,14393.4288,KB5001633
CBB  •  CB  •  LTSB,Windows 10,2021-03-09,14393.4283,KB5000803
CBB  •  CB  •  LTSB,Windows 10,2021-02-09,14393.4225,KB4601318
CBB  •  CB  •  LTSB,Windows 10,2021-01-12,14393.4169,KB4598243
CBB  •  CB  •  LTSB,Windows 10,2020-12-08,14393.4104,KB4593226
CBB  •  CB  •  LTSB,Windows 10,2020-11-19,14393.4048,KB4594441
CBB  •  CB  •  LTSB,Windows 10,2020-11-10,14393.4046,KB4586830
CBB  •  CB  •  LTSB,Windows 10,2020-10-13,14393.3986,KB4580346
CBB  •  CB  •  LTSB,Windows 10,2020-09-08,14393.3930,KB4577015
CBB  •  CB  •  LTSB,Windows 10,2020-08-11,14393.3866,KB4571694
CBB  •  CB  •  LTSB,Windows 10,2020-07-14,14393.3808,KB4565511
CBB  •  CB  •  LTSB,Windows 10,2020-06-18,14393.3755,KB4567517
CBB  •  CB  •  LTSB,Windows 10,2020-06-09,14393.3750,KB4561616
CBB  •  CB  •  LTSB,Windows 10,2020-05-12,14393.3686,KB4556813
CBB  •  CB  •  LTSB,Windows 10,2020-04-21,14393.3659,KB4550947
CBB  •  CB  •  LTSB,Windows 10,2020-04-14,14393.3630,KB4550929
CBB  •  CB  •  LTSB,Windows 10,2020-03-17,14393.3595,KB4541329
CBB  •  CB  •  LTSB,Windows 10,2020-03-10,14393.3564,KB4540670
CBB  •  CB  •  LTSB,Windows 10,2020-02-25,14393.3542,KB4537806
CBB  •  CB  •  LTSB,Windows 10,2020-02-11,14393.3504,KB4537764
CBB  •  CB  •  LTSB,Windows 10,2020-01-23,14393.3474,KB4534307
CBB  •  CB  •  LTSB,Windows 10,2020-01-14,14393.3443,KB4534271
CBB  •  CB  •  LTSB,Windows 10,2019-12-10,14393.3384,KB4530689
CBB  •  CB  •  LTSB,Windows 10,2019-11-12,14393.3326,KB4525236
CBB  •  CB  •  LTSB,Windows 10,2019-10-15,14393.3300,KB4519979
CBB  •  CB  •  LTSB,Windows 10,2019-10-08,14393.3274,KB4519998
CBB  •  CB  •  LTSB,Windows 10,2019-10-03,14393.3243,KB4524152
CBB  •  CB  •  LTSB,Windows 10,2019-09-24,14393.3242,KB4516061
CBB  •  CB  •  LTSB,Windows 10,2019-09-23,14393.3206,KB4522010
CBB  •  CB  •  LTSB,Windows 10,2019-09-10,14393.3204,KB4516044
CBB  •  CB  •  LTSB,Windows 10,2019-08-17,14393.3181,KB4512495
CBB  •  CB  •  LTSB,Windows 10,2019-08-13,14393.3144,KB4512517
CBB  •  CB  •  LTSB,Windows 10,2019-07-16,14393.3115,KB4507459
CBB  •  CB  •  LTSB,Windows 10,2019-07-09,14393.3085,KB4507460
CBB  •  CB  •  LTSB,Windows 10,2019-06-27,14393.3056,KB4509475
CBB  •  CB  •  LTSB,Windows 10,2019-06-18,14393.3053,KB4503294
CBB  •  CB  •  LTSB,Windows 10,2019-06-11,14393.3025,KB4503267
CBB  •  CB  •  LTSB,Windows 10,2019-05-23,14393.2999,KB4499177
CBB  •  CB  •  LTSB,Windows 10,2019-05-19,14393.2972,KB4505052
CBB  •  CB  •  LTSB,Windows 10,2019-05-14,14393.2969,KB4494440
CBB  •  CB  •  LTSB,Windows 10,2019-04-25,14393.2941,KB4493473
CBB  •  CB  •  LTSB,Windows 10,2019-04-25,14393.2908,KB4499418
CBB  •  CB  •  LTSB,Windows 10,2019-04-09,14393.2906,KB4493470
CBB  •  CB  •  LTSB,Windows 10,2019-03-19,14393.2879,KB4489889
CBB  •  CB  •  LTSB,Windows 10,2019-03-12,14393.2848,KB4489882
CBB  •  CB  •  LTSB,Windows 10,2019-02-19,14393.2828,KB4487006
CBB  •  CB  •  LTSB,Windows 10,2019-02-12,14393.2791,KB4487026
CBB  •  CB  •  LTSB,Windows 10,2019-01-17,14393.2759,KB4480977
CBB  •  CB  •  LTSB,Windows 10,2019-01-08,14393.2724,KB4480961
CBB  •  CB  •  LTSB,Windows 10,2018-12-19,14393.2670,KB4483229
CBB  •  CB  •  LTSB,Windows 10,2018-12-11,14393.2665,KB4471321
CBB  •  CB  •  LTSB,Windows 10,2018-12-03,14393.2641,KB4478877
CBB  •  CB  •  LTSB,Windows 10,2018-11-27,14393.2639,KB4467684
CBB  •  CB  •  LTSB,Windows 10,2018-11-13,14393.2608,KB4467691
CBB  •  CB  •  LTSB,Windows 10,2018-10-18,14393.2580,KB4462928
CBB  •  CB  •  LTSB,Windows 10,2018-10-09,14393.2551,KB4462917
CBB  •  CB  •  LTSB,Windows 10,2018-09-20,14393.2515,KB4457127
CBB  •  CB  •  LTSB,Windows 10,2018-09-11,14393.2485,KB4457131
CBB  •  CB  •  LTSB,Windows 10,2018-08-30,14393.2457,KB4343884
CBB  •  CB  •  LTSB,Windows 10,2018-08-14,14393.2430,KB4343887
CBB  •  CB  •  LTSB,Windows 10,2018-07-30,14393.2396,KB4346877
CBB  •  CB  •  LTSB,Windows 10,2018-07-24,14393.2395,KB4338822
CBB  •  CB  •  LTSB,Windows 10,2018-07-16,14393.2368,KB4345418
CBB  •  CB  •  LTSB,Windows 10,2018-07-10,14393.2363,KB4338814
CBB  •  CB  •  LTSB,Windows 10,2018-06-21,14393.2339,KB4284833
CBB  •  CB  •  LTSB,Windows 10,2018-06-12,14393.2312,KB4284880
CBB  •  CB  •  LTSB,Windows 10,2018-05-17,14393.2273,KB4103720
CBB  •  CB  •  LTSB,Windows 10,2018-05-08,14393.2248,KB4103723
CBB  •  CB  •  LTSB,Windows 10,2018-04-17,14393.2214,KB4093120
CBB  •  CB  •  LTSB,Windows 10,2018-04-10,14393.2189,KB4093119
CBB  •  CB  •  LTSB,Windows 10,2018-03-29,14393.2156,KB4096309
CBB  •  CB  •  LTSB,Windows 10,2018-03-22,14393.2155,KB4088889
CBB  •  CB  •  LTSB,Windows 10,2018-03-13,14393.2125,KB4088787
CBB  •  CB  •  LTSB,Windows 10,2018-02-22,14393.2097,KB4077525
CBB  •  CB  •  LTSB,Windows 10,2018-02-13,14393.2068,KB4074590
CBB  •  CB  •  LTSB,Windows 10,2018-01-17,14393.2035,KB4057142
CBB  •  CB  •  LTSB,Windows 10,2018-01-03,14393.2007,KB4056890
CBB  •  CB  •  LTSB,Windows 10,2017-12-12,14393.1944,KB4053579
CBB  •  CB  •  LTSB,Windows 10,2017-11-27,14393.1914,KB4051033
CBB  •  CB  •  LTSB,Windows 10,2017-11-14,14393.1884,KB4048953
CBB  •  CB  •  LTSB,Windows 10,2017-11-02,14393.1797,KB4052231
CBB  •  CB  •  LTSB,Windows 10,2017-10-17,14393.1794,KB4041688
CBB  •  CB  •  LTSB,Windows 10,2017-10-10,14393.1770,KB4041691
CBB  •  CB  •  LTSB,Windows 10,2017-09-28,14393.1737,KB4038801
CBB  •  CB  •  LTSB,Windows 10,2017-09-12,14393.1715,KB4038782
CBB  •  CB  •  LTSB,Windows 10,2017-08-28,14393.1670,KB4039396
CBB  •  CB  •  LTSB,Windows 10,2017-08-16,14393.1613,KB4034661
CBB  •  CB  •  LTSB,Windows 10,2017-08-08,14393.1593,KB4034658
CBB  •  CB  •  LTSB,Windows 10,2017-08-07,14393.1537,KB4038220
CBB  •  CB  •  LTSB,Windows 10,2017-07-18,14393.1532,KB4025334
CBB  •  CB  •  LTSB,Windows 10,2017-07-11,14393.1480,KB4025339
CBB  •  CB  •  LTSB,Windows 10,2017-06-27,14393.1378,KB4022723
CBB  •  CB  •  LTSB,Windows 10,2017-06-13,14393.1358,KB4022715
CBB  •  CB  •  LTSB,Windows 10,2017-05-09,14393.1198,KB4019472
CBB  •  CB  •  LTSB,Windows 10,2017-04-11,14393.1066,KB4015217
CBB  •  CB  •  LTSB,Windows 10,2017-03-20,14393.969,KB4015438
CBB  •  CB  •  LTSB,Windows 10,2017-03-14,14393.953,KB4013429
CBB  •  CB  •  LTSB,Windows 10,2017-01-10,14393.693,KB3213986
CBB  •  CB  •  LTSB,Windows 10,2016-12-13,14393.576,KB3206632
CBB  •  CB  •  LTSB,Windows 10,2016-12-09,14393.479,KB3201845
CBB  •  CB  •  LTSB,Windows 10,2016-11-08,14393.447,KB3200970
CB  •  LTSB,Windows 10,2016-10-27,14393.351,KB3197954
CB  •  LTSB,Windows 10,2016-10-11,14393.321,KB3194798
CB  •  LTSB,Windows 10,2016-09-29,14393.222,KB3194496
CB  •  LTSB,Windows 10,2016-09-20,14393.187,KB3193494
CB  •  LTSB,Windows 10,2016-09-13,14393.187,KB3189866
CB  •  LTSB,Windows 10,2016-08-31,14393.105,KB3176938
CB  •  LTSB,Windows 10,2016-08-23,14393.82,KB3176934
CB  •  LTSB,Windows 10,2016-08-09,14393.51,KB3176495
CB  •  LTSB,Windows 10,2016-08-02,14393.10,KB3176929
CBB  •  CB,Windows 10,2018-04-10,10586.1540,KB4093109
CBB  •  CB,Windows 10,2018-03-13,10586.1478,KB4088779
CBB  •  CB,Windows 10,2018-02-13,10586.1417,KB4074591
CBB  •  CB,Windows 10,2018-01-18,10586.1358,KB4075200
CBB  •  CB,Windows 10,2018-01-03,10586.1356,KB4056888
CBB  •  CB,Windows 10,2017-12-12,10586.1295,KB4053578
CBB  •  CB,Windows 10,2017-11-14,10586.1232,KB4048952
CBB  •  CB,Windows 10,2017-11-02,10586.1177,KB4052232
CBB  •  CB,Windows 10,2017-10-10,10586.1176,KB4041689
CBB  •  CB,Windows 10,2017-09-12,10586.1106,KB4038783
CBB  •  CB,Windows 10,2017-08-08,10586.1045,KB4034660
CBB  •  CB,Windows 10,2017-07-11,10586.1007,KB4025344
CBB  •  CB,Windows 10,2017-06-27,10586.965,KB4032693
CBB  •  CB,Windows 10,2017-06-13,10586.962,KB4022714
CBB  •  CB,Windows 10,2017-05-09,10586.916,KB4019473
CBB  •  CB,Windows 10,2017-04-11,10586.873,KB4015219
CBB  •  CB,Windows 10,2017-03-14,10586.839,KB4013198
CBB  •  CB,Windows 10,2017-01-10,10586.753,KB3210721
CBB  •  CB,Windows 10,2016-12-13,10586.713,KB3205386
CBB  •  CB,Windows 10,2016-11-08,10586.679,KB3198586
CBB  •  CB,Windows 10,2016-10-11,10586.633,KB3192441
CBB  •  CB,Windows 10,2016-09-13,10586.589,KB3185614
CBB  •  CB,Windows 10,2016-08-09,10586.545,KB3176493
CBB  •  CB,Windows 10,2016-07-12,10586.494,KB3172985
CBB  •  CB,Windows 10,2016-06-14,10586.420,KB3163018
CBB  •  CB,Windows 10,2016-05-10,10586.318,KB3156421
CBB  •  CB,Windows 10,2016-04-12,10586.218,KB3147458
CBB  •  CB,Windows 10,2016-03-08,10586.164,KB3140768
CB,Windows 10,2016-03-01,10586.122,KB3140743
CB,Windows 10,2016-02-09,10586.104,KB3135173
CB,Windows 10,2016-01-27,10586.71,KB3124262
CB,Windows 10,2016-01-12,10586.63,KB3124263
CB,Windows 10,2015-12-17,10586.36,KB3124200
CB,Windows 10,2015-12-08,10586.29,KB3116900
CB,Windows 10,2015-12-02,10586.17,KB3116908
CB,Windows 10,2015-11-24,10586.14,KB3120677
CB,Windows 10,2015-11-18,10586.11,KB3118754
CB,Windows 10,2015-11-10,10586.3,KB3105211
LTSB,Windows 10,2025-07-08,10240.21073,KB5062561
LTSB,Windows 10,2025-06-10,10240.21034,KB5060998
LTSB,Windows 10,2025-05-13,10240.21014,KB5058387
LTSB,Windows 10,2025-04-09,10240.20979,KB5055547
LTSB,Windows 10,2025-03-11,10240.20947,KB5053618
LTSB,Windows 10,2025-02-11,10240.20915,KB5052040
LTSB,Windows 10,2025-01-14,10240.20890,KB5050013
LTSB,Windows 10,2024-12-10,10240.20857,KB5048703
LTSB,Windows 10,2024-11-12,10240.20826,KB5046665
LTSB,Windows 10,2024-10-08,10240.20796,KB5044286
LTSB,Windows 10,2024-09-10,10240.20766,KB5043083
LTSB,Windows 10,2024-08-13,10240.20751,KB5041782
LTSB,Windows 10,2024-07-09,10240.20710,KB5040448
LTSB,Windows 10,2024-06-11,10240.20680,KB5039225
LTSB,Windows 10,2024-05-14,10240.20651,KB5037788
LTSB,Windows 10,2024-04-09,10240.20596,KB5036925
LTSB,Windows 10,2024-03-12,10240.20526,KB5035858
LTSB,Windows 10,2024-02-13,10240.20469,KB5034774
LTSB,Windows 10,2024-01-09,10240.20402,KB5034134
LTSB,Windows 10,2023-12-12,10240.20345,KB5033379
LTSB,Windows 10,2023-11-14,10240.20308,KB5032199
LTSB,Windows 10,2023-10-10,10240.20232,KB5031377
LTSB,Windows 10,2023-09-12,10240.20162,KB5030220
LTSB,Windows 10,2023-08-08,10240.20107,KB5029259
LTSB,Windows 10,2023-07-11,10240.20048,KB5028186
LTSB,Windows 10,2023-06-23,10240.19986,KB5028622
LTSB,Windows 10,2023-06-13,10240.19983,KB5027230
LTSB,Windows 10,2023-05-09,10240.19926,KB5026382
LTSB,Windows 10,2023-04-11,10240.19869,KB5025234
LTSB,Windows 10,2023-03-14,10240.19805,KB5023713
LTSB,Windows 10,2023-02-14,10240.19747,KB5022858
LTSB,Windows 10,2023-01-10,10240.19685,KB5022297
LTSB,Windows 10,2022-12-13,10240.19624,KB5021243
LTSB,Windows 10,2022-11-08,10240.19567,KB5019970
LTSB,Windows 10,2022-10-18,10240.19509,KB5020440
LTSB,Windows 10,2022-10-11,10240.19507,KB5018425
LTSB,Windows 10,2022-09-13,10240.19444,KB5017327
LTSB,Windows 10,2022-08-09,10240.19387,KB5016639
LTSB,Windows 10,2022-07-12,10240.19360,KB5015832
LTSB,Windows 10,2022-06-14,10240.19325,KB5014710
LTSB,Windows 10,2022-05-10,10240.19297,KB5013963
LTSB,Windows 10,2022-04-12,10240.19265,KB5012653
LTSB,Windows 10,2022-03-08,10240.19235,KB5011491
LTSB,Windows 10,2022-02-08,10240.19204,KB5010358
LTSB,Windows 10,2022-01-17,10240.19179,KB5010789
LTSB,Windows 10,2022-01-11,10240.19177,KB5009585
LTSB,Windows 10,2021-12-14,10240.19145,KB5008230
LTSB,Windows 10,2021-11-09,10240.19119,KB5007207
LTSB,Windows 10,2021-10-12,10240.19086,KB5006675
LTSB,Windows 10,2021-09-14,10240.19060,KB5005569
LTSB,Windows 10,2021-08-10,10240.19022,KB5005040
LTSB,Windows 10,2021-07-13,10240.19003,KB5004249
LTSB,Windows 10,2021-07-06,10240.18969,KB5004950
LTSB,Windows 10,2021-06-08,10240.18967,KB5003687
LTSB,Windows 10,2021-05-11,10240.18932,KB5003172
LTSB,Windows 10,2021-04-13,10240.18906,KB5001340
LTSB,Windows 10,2021-03-18,10240.18875,KB5001631
LTSB,Windows 10,2021-03-09,10240.18874,KB5000807
LTSB,Windows 10,2021-02-09,10240.18841,KB4601331
LTSB,Windows 10,2021-01-12,10240.18818,KB4598231
LTSB,Windows 10,2020-12-08,10240.18782,KB4592464
LTSB,Windows 10,2020-11-10,10240.18756,KB4586787
LTSB,Windows 10,2020-10-13,10240.18725,KB4580327
LTSB,Windows 10,2020-09-08,10240.18696,KB4577049
LTSB,Windows 10,2020-08-11,10240.18666,KB4571692
LTSB,Windows 10,2020-07-14,10240.18638,KB4565513
LTSB,Windows 10,2020-06-18,10240.18609,KB4567518
LTSB,Windows 10,2020-06-09,10240.18608,KB4561649
LTSB,Windows 10,2020-05-12,10240.18575,KB4556826
LTSB,Windows 10,2020-04-14,10240.18545,KB4550930
LTSB,Windows 10,2020-03-10,10240.18519,KB4540693
LTSB,Windows 10,2020-02-11,10240.18486,KB4537776
LTSB,Windows 10,2020-01-14,10240.18453,KB4534306
LTSB,Windows 10,2019-12-10,10240.18427,KB4530681
LTSB,Windows 10,2019-11-12,10240.18395,KB4525232
LTSB,Windows 10,2019-10-08,10240.18368,KB4520011
LTSB,Windows 10,2019-10-03,10240.18335,KB4524153
LTSB,Windows 10,2019-09-23,10240.18334,KB4522009
LTSB,Windows 10,2019-09-10,10240.18333,KB4516070
LTSB,Windows 10,2019-08-17,10240.18308,KB4517276
LTSB,Windows 10,2019-08-13,10240.18305,KB4512497
LTSB,Windows 10,2019-07-09,10240.18275,KB4507458
LTSB,Windows 10,2019-06-11,10240.18244,KB4503291
LTSB,Windows 10,2019-05-19,10240.18218,KB4505051
LTSB,Windows 10,2019-05-14,10240.18215,KB4499154
LTSB,Windows 10,2019-04-25,10240.18187,KB4498375
LTSB,Windows 10,2019-04-09,10240.18186,KB4493475
LTSB,Windows 10,2019-03-12,10240.18158,KB4489872
LTSB,Windows 10,2019-02-21,10240.18135,KB4491101
LTSB,Windows 10,2019-02-12,10240.18132,KB4487018
LTSB,Windows 10,2019-01-08,10240.18094,KB4480962
LTSB,Windows 10,2018-12-19,10240.18064,KB4483228
LTSB,Windows 10,2018-12-11,10240.18063,KB4471323
LTSB,Windows 10,2018-11-13,10240.18036,KB4467680
LTSB,Windows 10,2018-10-09,10240.18005,KB4462922
LTSB,Windows 10,2018-09-11,10240.17976,KB4457132
LTSB,Windows 10,2018-08-14,10240.17946,KB4343892
LTSB,Windows 10,2018-07-16,10240.17918,KB4345455
LTSB,Windows 10,2018-07-10,10240.17914,KB4338829
LTSB,Windows 10,2018-06-12,10240.17889,KB4284860
LTSB,Windows 10,2018-05-08,10240.17861,KB4103716
LTSB,Windows 10,2018-04-10,10240.17831,KB4093111
LTSB,Windows 10,2018-03-13,10240.17797,KB4088786
LTSB,Windows 10,2018-02-13,10240.17770,KB4074596
LTSB,Windows 10,2018-01-31,10240.17741,KB4077735
LTSB,Windows 10,2018-01-18,10240.17741,KB4075199
LTSB,Windows 10,2018-01-03,10240.17738,KB4056893
LTSB,Windows 10,2017-12-12,10240.17709,KB4053581
LTSB,Windows 10,2017-11-14,10240.17673,KB4048956
LTSB,Windows 10,2017-10-10,10240.17643,KB4042895
LTSB,Windows 10,2017-09-12,10240.17609,KB4038781
LTSB,Windows 10,2017-08-08,10240.17533,KB4034668
LTSB,Windows 10,2017-07-11,10240.17488,KB4025338
LTSB  •  CB  •  CBB,Windows 10,2017-06-27,10240.17446,KB4032695
LTSB  •  CB  •  CBB,Windows 10,2017-06-13,10240.17443,KB4022727
LTSB  •  CB  •  CBB,Windows 10,2017-05-09,10240.17394,KB4019474
LTSB  •  CB  •  CBB,Windows 10,2017-04-11,10240.17354,KB4015221
LTSB  •  CB  •  CBB,Windows 10,2017-03-14,10240.17319,KB4012606
LTSB  •  CB  •  CBB,Windows 10,2017-01-10,10240.17236,KB3210720
LTSB  •  CB  •  CBB,Windows 10,2016-12-13,10240.17202,KB3205383
LTSB  •  CB  •  CBB,Windows 10,2016-11-08,10240.17190,KB3198585
LTSB  •  CB  •  CBB,Windows 10,2016-10-11,10240.17146,KB3192440
LTSB  •  CB  •  CBB,Windows 10,2016-09-20,10240.17113,KB3193821
LTSB  •  CB  •  CBB,Windows 10,2016-09-13,10240.17113,KB3185611
LTSB  •  CB  •  CBB,Windows 10,2016-08-09,10240.17071,KB3176492
LTSB  •  CB  •  CBB,Windows 10,2016-07-12,10240.17024,KB3163912
LTSB  •  CB  •  CBB,Windows 10,2016-06-14,10240.16942,KB3163017
LTSB  •  CB  •  CBB,Windows 10,2016-05-10,10240.16854,KB3156387
LTSB  •  CB  •  CBB,Windows 10,2016-04-12,10240.16771,KB3147461
LTSB  •  CB  •  CBB,Windows 10,2016-03-08,10240.16725,KB3140745
LTSB  •  CB  •  CBB,Windows 10,2016-02-09,10240.16683,KB3135174
LTSB  •  CB  •  CBB,Windows 10,2016-01-12,10240.16644,KB3124266
LTSB  •  CB  •  CBB,Windows 10,2015-12-08,10240.16601,KB3116869
LTSB  •  CB  •  CBB,Windows 10,2015-11-10,10240.16590,KB3105213
LTSB  •  CB  •  CBB,Windows 10,2015-10-27,10240.16566,KB3105210
LTSB  •  CB  •  CBB,Windows 10,2015-10-13,10240.16549,KB3097617
LTSB  •  CB  •  CBB,Windows 10,2015-09-30,10240.16520,KB3093266
LTSB  •  CB  •  CBB,Windows 10,2015-09-08,10240.16487,KB3081455
LTSB  •  CB  •  CBB,Windows 10,2015-08-27,10240.16463,KB3081448
LTSB  •  CB  •  CBB,Windows 10,2015-08-18,10240.16445,KB3081444
LTSB  •  CB  •  CBB,Windows 10,2015-08-14,10240.16433,KB3081438
LTSB  •  CB  •  CBB,Windows 10,2015-08-11,10240.16430,KB3081436
LTSB  •  CB  •  CBB,Windows 10,2015-08-05,10240.16413,KB3081424
LTSB  •  CB  •  CBB,Windows 10,2015-07-29,10240.16405,KB3074683
LTSC,Windows Server,2025-08-12,26100.4946,KB5063878
LTSC,Windows Server,2025-07-13,26100.4656,KB5064489
LTSC,Windows Server,2025-07-08,26100.4652,KB5062553
LTSC,Windows Server,2025-06-10,26100.4349,KB5060842
LTSC,Windows Server,2025-05-27,26100.4066,KB5061977
LTSC,Windows Server,2025-05-13,26100.4061,KB5058411
LTSC,Windows Server,2025-04-16,26100.3781,KB5059087
LTSC,Windows Server,2025-04-08,26100.3775,KB5055523
LTSC,Windows Server,2025-03-11,26100.3476,KB5053598
LTSC,Windows Server,2025-02-11,26100.3194,KB5051987
LTSC,Windows Server,2025-01-14,26100.2894,KB5050009
LTSC,Windows Server,2024-12-10,26100.2605,KB5048667
LTSC,Windows Server,2024-11-12,26100.2314,KB5046617
LTSC,Windows Server,2024-11-01,26100.1742,
LTSC,Windows Server,2025-08-12,20348.4052,KB5063880
LTSC,Windows Server,2025-07-08,20348.3932,KB5062572
LTSC,Windows Server,2025-06-10,20348.3807,KB5060526
LTSC,Windows Server,2025-05-23,20348.3695,KB5061906
LTSC,Windows Server,2025-05-13,20348.3692,KB5058385
LTSC,Windows Server,2025-04-16,20348.3566,KB5059092
LTSC,Windows Server,2025-04-11,20348.3561,KB5058920
LTSC,Windows Server,2025-04-08,20348.3453,KB5055526
LTSC,Windows Server,2025-03-11,20348.3328,KB5053603
LTSC,Windows Server,2025-02-11,20348.3207,KB5051979
LTSC,Windows Server,2025-01-18,20348.3095,KB5052819
LTSC,Windows Server,2025-01-14,20348.3091,KB5049983
LTSC,Windows Server,2024-12-10,20348.2966,KB5048654
LTSC,Windows Server,2024-11-12,20348.2849,KB5046616
LTSC,Windows Server,2024-10-08,20348.2762,KB5044281
LTSC,Windows Server,2024-09-10,20348.2700,KB5042881
LTSC,Windows Server,2024-08-13,20348.2655,KB5041160
LTSC,Windows Server,2024-07-09,20348.2582,KB5040437
LTSC,Windows Server,2024-06-20,20348.2529,KB5041054
LTSC,Windows Server,2024-06-11,20348.2527,KB5039227
LTSC,Windows Server,2024-05-14,20348.2461,KB5037782
LTSC,Windows Server,2024-04-09,20348.2402,KB5036909
LTSC,Windows Server,2024-03-22,20348.2342,KB5037422
LTSC,Windows Server,2024-03-12,20348.2340,KB5035857
LTSC,Windows Server,2024-02-13,20348.2322,KB5034770
LTSC,Windows Server,2024-01-09,20348.2227,KB5034129
LTSC,Windows Server,2023-12-12,20348.2159,KB5033118
LTSC,Windows Server,2023-11-14,20348.2113,KB5032198
LTSC,Windows Server,2023-10-10,20348.2031,KB5031364
LTSC,Windows Server,2023-09-12,20348.1970,KB5030216
LTSC,Windows Server,2023-08-08,20348.1906,KB5029250
LTSC,Windows Server,2023-07-11,20348.1850,KB5028171
LTSC,Windows Server,2023-06-13,20348.1787,KB5027225
LTSC,Windows Server,2023-05-09,20348.1726,KB5026370
LTSC,Windows Server,2023-04-11,20348.1668,KB5025230
LTSC,Windows Server,2023-03-14,20348.1607,KB5023705
LTSC,Windows Server,2023-02-14,20348.1547,KB5022842
LTSC,Windows Server,2023-01-10,20348.1487,KB5022291
LTSC,Windows Server,2022-12-20,20348.1368,KB5022553
LTSC,Windows Server,2022-12-13,20348.1366,KB5021249
LTSC,Windows Server,2022-11-22,20348.1311,KB5020032
LTSC,Windows Server,2022-11-17,20348.1251,KB5021656
LTSC,Windows Server,2022-11-08,20348.1249,KB5019081
LTSC,Windows Server,2022-10-25,20348.1194,KB5018485
LTSC,Windows Server,2022-10-17,20348.1131,KB5020436
LTSC,Windows Server,2022-10-11,20348.1129,KB5018421
LTSC,Windows Server,2022-09-20,20348.1070,KB5017381
LTSC,Windows Server,2022-09-13,20348.1006,KB5017316
LTSC,Windows Server,2022-08-16,20348.946,KB5016693
LTSC,Windows Server,2022-08-09,20348.887,KB5016627
LTSC,Windows Server,2022-07-19,20348.859,KB5015879
LTSC,Windows Server,2022-07-12,20348.825,KB5015827
LTSC,Windows Server,2022-06-23,20348.803,KB5014665
LTSC,Windows Server,2022-06-14,20348.768,KB5014678
LTSC,Windows Server,2022-05-24,20348.740,KB5014021
LTSC,Windows Server,2022-05-19,20348.709,KB5015013
LTSC,Windows Server,2022-05-10,20348.707,KB5013944
LTSC,Windows Server,2022-04-25,20348.681,KB5012637
LTSC,Windows Server,2022-04-12,20348.643,KB5012604
LTSC,Windows Server,2022-03-22,20348.617,KB5011558
LTSC,Windows Server,2022-03-08,20348.587,KB5011497
LTSC,Windows Server,2022-02-15,20348.558,KB5010421
LTSC,Windows Server,2022-02-08,20348.524,KB5010354
LTSC,Windows Server,2022-01-25,20348.502,KB5009608
LTSC,Windows Server,2022-01-17,20348.473,KB5010796
LTSC,Windows Server,2022-01-11,20348.469,KB5009555
LTSC,Windows Server,2022-01-05,20348.407,KB5010197
LTSC,Windows Server,2021-12-14,20348.405,KB5008223
LTSC,Windows Server,2021-11-22,20348.380,KB5007254
LTSC,Windows Server,2021-11-09,20348.350,KB5007205
LTSC,Windows Server,2021-10-26,20348.320,KB5006745
LTSC,Windows Server,2021-10-12,20348.288,KB5006699
LTSC,Windows Server,2021-09-27,20348.261,KB5005619
LTSC,Windows Server,2021-09-14,20348.230,KB5005575
LTSC,Windows Server,2021-08-26,20348.202,KB5005104
LTSC,Windows Server,2025-08-12,17763.7678,KB5063877
LTSC,Windows Server,2025-07-08,17763.7558,KB5062557
LTSC,Windows Server,2025-06-10,17763.7434,KB5060531
LTSC,Windows Server,2025-05-27,17763.7322,KB5061978
LTSC,Windows Server,2025-05-13,17763.7314,KB5058392
LTSC,Windows Server,2025-04-16,17763.7249,KB5059091
LTSC,Windows Server,2025-04-11,17763.7240,KB5058922
LTSC,Windows Server,2025-04-08,17763.7136,KB5055519
LTSC,Windows Server,2025-03-11,17763.7009,KB5053596
LTSC,Windows Server,2025-02-11,17763.6893,KB5052000
LTSC,Windows Server,2025-01-14,17763.6775,KB5050008
LTSC,Windows Server,2024-12-10,17763.6659,KB5048661
LTSC,Windows Server,2024-11-12,17763.6532,KB5046615
LTSC,Windows Server,2024-10-08,17763.6414,KB5044277
LTSC,Windows Server,2024-09-10,17763.6293,KB5043050
LTSC,Windows Server,2024-08-13,17763.6189,KB5041578
LTSC,Windows Server,2024-07-09,17763.6054,KB5040430
LTSC,Windows Server,2024-06-11,17763.5936,KB5039217
LTSC,Windows Server,2024-05-23,17763.5830,KB5039705
LTSC,Windows Server,2024-05-14,17763.5820,KB5037765
LTSC,Windows Server,2024-04-09,17763.5696,KB5036896
LTSC,Windows Server,2024-03-25,17763.5579,KB5037425
LTSC,Windows Server,2024-03-12,17763.5576,KB5035849
LTSC,Windows Server,2024-02-13,17763.5458,KB5034768
LTSC,Windows Server,2024-01-09,17763.5329,KB5034127
LTSC,Windows Server,2023-12-12,17763.5206,KB5033371
LTSC,Windows Server,2023-11-14,17763.5122,KB5032196
LTSC,Windows Server,2023-10-10,17763.4974,KB5031361
LTSC,Windows Server,2023-09-12,17763.4851,KB5030214
LTSC,Windows Server,2023-08-08,17763.4737,KB5029247
LTSC,Windows Server,2023-07-11,17763.4645,KB5028168
LTSC,Windows Server,2023-06-13,17763.4499,KB5027222
LTSC,Windows Server,2023-05-09,17763.4377,KB5026362
LTSC,Windows Server,2023-04-11,17763.4252,KB5025229
LTSC,Windows Server,2023-03-14,17763.4131,KB5023702
LTSC,Windows Server,2023-02-14,17763.4010,KB5022840
LTSC,Windows Server,2023-01-10,17763.3887,KB5022286
LTSC,Windows Server,2022-12-20,17763.3772,KB5022554
LTSC,Windows Server,2022-12-13,17763.3770,KB5021237
LTSC,Windows Server,2022-11-17,17763.3653,KB5021655
LTSC,Windows Server,2022-11-08,17763.3650,KB5019966
LTSC,Windows Server,2022-10-17,17763.3534,KB5020438
LTSC,Windows Server,2022-10-11,17763.3532,KB5018419
LTSC,Windows Server,2022-09-20,17763.3469,KB5017379
LTSC,Windows Server,2022-09-13,17763.3406,KB5017315
LTSC,Windows Server,2022-08-23,17763.3346,KB5016690
LTSC,Windows Server,2022-08-09,17763.3287,KB5016623
LTSC,Windows Server,2022-07-21,17763.3232,KB5015880
LTSC,Windows Server,2022-07-12,17763.3165,KB5015811
LTSC,Windows Server,2022-06-23,17763.3113,KB5014669
LTSC,Windows Server,2022-06-14,17763.3046,KB5014692
LTSC,Windows Server,2022-05-24,17763.2989,KB5014022
LTSC,Windows Server,2022-05-19,17763.2931,KB5015018
LTSC,Windows Server,2022-05-10,17763.2928,KB5013941
LTSC,Windows Server,2022-04-21,17763.2867,KB5012636
LTSC,Windows Server,2022-04-12,17763.2803,KB5012647
LTSC,Windows Server,2022-03-22,17763.2746,KB5011551
LTSC,Windows Server,2022-03-08,17763.2686,KB5011503
LTSC,Windows Server,2022-02-15,17763.2628,KB5010427
LTSC,Windows Server,2022-02-08,17763.2565,KB5010351
LTSC,Windows Server,2022-01-25,17763.2510,KB5009616
LTSC,Windows Server,2022-01-18,17763.2458,KB5010791
LTSC,Windows Server,2022-01-11,17763.2452,KB5009557
LTSC,Windows Server,2022-01-04,17763.2369,KB5010196
LTSC,Windows Server,2021-12-14,17763.2366,KB5008218
LTSC,Windows Server,2021-11-22,17763.2330,KB5007266
LTSC,Windows Server,2021-11-14,17763.2305,KB5008602
LTSC,Windows Server,2021-11-09,17763.2300,KB5007206
LTSC,Windows Server,2021-10-19,17763.2268,KB5006744
LTSC,Windows Server,2021-10-12,17763.2237,KB5006672
LTSC,Windows Server,2021-09-21,17763.2213,KB5005625
LTSC,Windows Server,2021-09-14,17763.2183,KB5005568
LTSC,Windows Server,2021-08-26,17763.2145,KB5005102
LTSC,Windows Server,2021-08-10,17763.2114,KB5005030
LTSC,Windows Server,2021-07-27,17763.2091,KB5005394
LTSC,Windows Server,2021-07-20,17763.2090,KB5004308
LTSC,Windows Server,2021-07-13,17763.2061,KB5004244
LTSC,Windows Server,2021-07-06,17763.2029,KB5004947
LTSC,Windows Server,2021-06-15,17763.2028,KB5003703
LTSC,Windows Server,2021-06-08,17763.1999,KB5003646
LTSC,Windows Server,2021-05-20,17763.1971,KB5003217
LTSC,Windows Server,2021-05-11,17763.1935,KB5003171
LTSC,Windows Server,2021-04-22,17763.1911,KB5001384
LTSC,Windows Server,2021-04-13,17763.1879,KB5001342
LTSC,Windows Server,2021-03-25,17763.1852,KB5000854
LTSC,Windows Server,2021-03-18,17763.1823,KB5001638
LTSC,Windows Server,2021-03-15,17763.1821,KB5001568
LTSC,Windows Server,2021-03-09,17763.1817,KB5000822
LTSC,Windows Server,2021-02-16,17763.1790,KB4601383
LTSC,Windows Server,2021-02-09,17763.1757,KB4601345
LTSC,Windows Server,2021-01-21,17763.1728,KB4598296
LTSC,Windows Server,2021-01-12,17763.1697,KB4598230
LTSC,Windows Server,2020-12-08,17763.1637,KB4592440
LTSC,Windows Server,2020-11-19,17763.1613,KB4586839
LTSC,Windows Server,2020-11-17,17763.1579,KB4594442
LTSC,Windows Server,2020-11-10,17763.1577,KB4586793
LTSC,Windows Server,2020-10-20,17763.1554,KB4580390
LTSC,Windows Server,2020-10-13,17763.1518,KB4577668
LTSC,Windows Server,2020-09-16,17763.1490,KB4577069
LTSC,Windows Server,2020-09-08,17763.1457,KB4570333
LTSC,Windows Server,2020-08-20,17763.1432,KB4571748
LTSC,Windows Server,2020-08-11,17763.1397,KB4565349
LTSC,Windows Server,2020-07-21,17763.1369,KB4559003
LTSC,Windows Server,2020-07-14,17763.1339,KB4558998
LTSC,Windows Server,2020-06-16,17763.1294,KB4567513
LTSC,Windows Server,2020-06-09,17763.1282,KB4561608
LTSC,Windows Server,2020-05-12,17763.1217,KB4551853
LTSC,Windows Server,2020-04-21,17763.1192,KB4550969
LTSC,Windows Server,2020-04-14,17763.1158,KB4549949
LTSC,Windows Server,2020-03-30,17763.1132,KB4554354
LTSC,Windows Server,2020-03-17,17763.1131,KB4541331
LTSC,Windows Server,2020-03-10,17763.1098,KB4538461
LTSC,Windows Server,2020-02-25,17763.1075,KB4537818
LTSC,Windows Server,2020-02-11,17763.1039,KB4532691
LTSC,Windows Server,2020-01-23,17763.1012,KB4534321
LTSC,Windows Server,2020-01-14,17763.973,KB4534273
LTSC,Windows Server,2019-12-10,17763.914,KB4530715
LTSC,Windows Server,2019-11-12,17763.864,KB4523205
LTSC,Windows Server,2019-10-15,17763.832,KB4520062
LTSC,Windows Server,2019-10-08,17763.805,KB4519338
LTSC,Windows Server,2019-10-03,17763.775,KB4524148
LTSC,Windows Server,2019-09-24,17763.774,KB4516077
LTSC,Windows Server,2019-09-23,17763.740,KB4522015
LTSC,Windows Server,2019-09-10,17763.737,KB4512578
LTSC,Windows Server,2019-08-17,17763.720,KB4512534
LTSC,Windows Server,2019-08-13,17763.678,KB4511553
LTSC,Windows Server,2019-07-22,17763.652,KB4505658
LTSC,Windows Server,2019-07-09,17763.615,KB4507469
LTSC,Windows Server,2019-06-26,17763.593,KB4509479
LTSC,Windows Server,2019-06-18,17763.592,KB4501371
LTSC,Windows Server,2019-06-11,17763.557,KB4503327
LTSC,Windows Server,2019-05-21,17763.529,KB4497934
LTSC,Windows Server,2019-05-19,17763.504,KB4505056
LTSC,Windows Server,2019-05-14,17763.503,KB4494441
LTSC,Windows Server,2019-05-03,17763.475,KB4495667
LTSC,Windows Server,2019-05-01,17763.439,KB4501835
LTSC,Windows Server,2019-04-09,17763.437,KB4493509
LTSC,Windows Server,2019-04-02,17763.404,KB4490481
LTSC,Windows Server,2019-03-12,17763.379,KB4489899
LTSC,Windows Server,2019-03-01,17763.348,KB4482887
LTSC,Windows Server,2019-02-12,17763.316,KB4487044
LTSC,Windows Server,2019-01-22,17763.292,KB4476976
LTSC,Windows Server,2019-01-08,17763.253,KB4480116
LTSC,Windows Server,2018-12-19,17763.195,KB4483235
LTSC,Windows Server,2018-12-11,17763.194,KB4471332
LTSC,Windows Server,2018-12-05,17763.168,KB4469342
LTSC,Windows Server,2018-11-13,17763.134,KB4467708
LTSC,Windows Server,2018-11-13,17763.107,KB4464455
LTSC,Windows Server,2018-10-09,17763.55,KB4464330
LTSC,Windows Server,2018-10-02,17763.1,
LTSB,Windows Server,2025-08-12,14393.8330,KB5063871
LTSB,Windows Server,2025-07-08,14393.8246,KB5062560
LTSB,Windows Server,2025-06-10,14393.8148,KB5061010
LTSB,Windows Server,2025-05-13,14393.8066,KB5058383
LTSB,Windows Server,2025-04-11,14393.7973,KB5058921
LTSB,Windows Server,2025-04-08,14393.7969,KB5055521
LTSB,Windows Server,2025-03-11,14393.7876,KB5053594
LTSB,Windows Server,2025-02-11,14393.7785,KB5052006
LTSB,Windows Server,2025-01-14,14393.7699,KB5049993
LTSB,Windows Server,2024-12-10,14393.7606,KB5048671
LTSB,Windows Server,2024-11-12,14393.7515,KB5046612
LTSB,Windows Server,2024-10-08,14393.7428,KB5044293
LTSB,Windows Server,2024-09-10,14393.7336,KB5043051
LTSB,Windows Server,2024-08-13,14393.7259,KB5041773
LTSB,Windows Server,2024-07-09,14393.7159,KB5040434
LTSB,Windows Server,2024-06-11,14393.7070,KB5039214
LTSB,Windows Server,2024-05-14,14393.6981,KB5037763
LTSB,Windows Server,2024-04-09,14393.6897,KB5036899
LTSB,Windows Server,2024-03-22,14393.6800,KB5037423
LTSB,Windows Server,2024-03-12,14393.6796,KB5035855
LTSB,Windows Server,2024-02-13,14393.6709,KB5034767
LTSB,Windows Server,2024-01-09,14393.6614,KB5034119
LTSB,Windows Server,2023-12-12,14393.6529,KB5033373
LTSB,Windows Server,2023-11-14,14393.6452,KB5032197
LTSB,Windows Server,2023-10-10,14393.6351,KB5031362
LTSB,Windows Server,2023-09-12,14393.6252,KB5030213
LTSB,Windows Server,2023-08-08,14393.6167,KB5029242
LTSB,Windows Server,2023-07-11,14393.6085,KB5028169
LTSB,Windows Server,2023-06-23,14393.5996,KB5028623
LTSB,Windows Server,2023-06-13,14393.5989,KB5027219
LTSB,Windows Server,2023-05-09,14393.5921,KB5026363
LTSB,Windows Server,2023-04-11,14393.5850,KB5025228
LTSB,Windows Server,2023-03-14,14393.5786,KB5023697
LTSB,Windows Server,2023-02-14,14393.5717,KB5022838
LTSB,Windows Server,2023-01-10,14393.5648,KB5022289
LTSB,Windows Server,2022-12-13,14393.5582,KB5021235
LTSB,Windows Server,2022-11-17,14393.5502,KB5021654
LTSB,Windows Server,2022-11-08,14393.5501,KB5019964
LTSB,Windows Server,2022-10-18,14393.5429,KB5020439
LTSB,Windows Server,2022-10-11,14393.5427,KB5018411
LTSB,Windows Server,2022-09-13,14393.5356,KB5017305
LTSB,Windows Server,2022-08-09,14393.5291,KB5016622
LTSB,Windows Server,2022-07-12,14393.5246,KB5015808
LTSB,Windows Server,2022-06-14,14393.5192,KB5014702
LTSB,Windows Server,2022-05-19,14393.5127,KB5015019
LTSB,Windows Server,2022-05-10,14393.5125,KB5013952
LTSB,Windows Server,2022-04-12,14393.5066,KB5012596
LTSB,Windows Server,2022-03-08,14393.5006,KB5011495
LTSB,Windows Server,2022-02-08,14393.4946,KB5010359
LTSB,Windows Server,2022-01-17,14393.4889,KB5010790
LTSB,Windows Server,2022-01-11,14393.4886,KB5009546
LTSB,Windows Server,2022-01-05,14393.4827,KB5010195
LTSB,Windows Server,2021-12-14,14393.4825,KB5008207
LTSB,Windows Server,2021-11-14,14393.4771,KB5008601
LTSB,Windows Server,2021-11-09,14393.4770,KB5007192
LTSB,Windows Server,2021-10-12,14393.4704,KB5006669
LTSB,Windows Server,2021-09-14,14393.4651,KB5005573
LTSB,Windows Server,2021-08-10,14393.4583,KB5005043
LTSB,Windows Server,2021-07-29,14393.4532,KB5005393
LTSB,Windows Server,2021-07-13,14393.4530,KB5004238
LTSB,Windows Server,2021-07-07,14393.4470,KB5004948
LTSB,Windows Server,2021-06-08,14393.4467,KB5003638
LTSB,Windows Server,2021-05-11,14393.4402,KB5003197
LTSB,Windows Server,2021-04-13,14393.4350,KB5001347
LTSB,Windows Server,2021-03-18,14393.4288,KB5001633
LTSB,Windows Server,2021-03-09,14393.4283,KB5000803
LTSB,Windows Server,2021-02-09,14393.4225,KB4601318
LTSB,Windows Server,2021-01-12,14393.4169,KB4598243
LTSB,Windows Server,2020-12-08,14393.4104,KB4593226
LTSB,Windows Server,2020-11-19,14393.4048,KB4594441
LTSB,Windows Server,2020-11-10,14393.4046,KB4586830
LTSB,Windows Server,2020-10-13,14393.3986,KB4580346
LTSB,Windows Server,2020-09-08,14393.3930,KB4577015
LTSB,Windows Server,2020-08-11,14393.3866,KB4571694
LTSB,Windows Server,2020-07-14,14393.3808,KB4565511
LTSB,Windows Server,2020-06-18,14393.3755,KB4567517
LTSB,Windows Server,2020-06-09,14393.3750,KB4561616
LTSB,Windows Server,2020-05-12,14393.3686,KB4556813
LTSB,Windows Server,2020-04-21,14393.3659,KB4550947
LTSB,Windows Server,2020-04-14,14393.3630,KB4550929
LTSB,Windows Server,2020-03-17,14393.3595,KB4541329
LTSB,Windows Server,2020-03-10,14393.3564,KB4540670
LTSB,Windows Server,2020-02-25,14393.3542,KB4537806
LTSB,Windows Server,2020-02-11,14393.3504,KB4537764
LTSB,Windows Server,2020-01-23,14393.3474,KB4534307
LTSB,Windows Server,2020-01-14,14393.3443,KB4534271
LTSB,Windows Server,2019-12-10,14393.3384,KB4530689
LTSB,Windows Server,2019-11-12,14393.3326,KB4525236
LTSB,Windows Server,2019-10-15,14393.3300,KB4519979
LTSB,Windows Server,2019-10-08,14393.3274,KB4519998
LTSB,Windows Server,2019-10-03,14393.3243,KB4524152
LTSB,Windows Server,2019-09-24,14393.3242,KB4516061
LTSB,Windows Server,2019-09-23,14393.3206,KB4522010
LTSB,Windows Server,2019-09-10,14393.3204,KB4516044
LTSB,Windows Server,2019-08-17,14393.3181,KB4512495
LTSB,Windows Server,2019-08-13,14393.3144,KB4512517
LTSB,Windows Server,2019-07-16,14393.3115,KB4507459
LTSB,Windows Server,2019-07-09,14393.3085,KB4507460
LTSB,Windows Server,2019-06-27,14393.3056,KB4509475
LTSB,Windows Server,2019-06-18,14393.3053,KB4503294
LTSB,Windows Server,2019-06-11,14393.3025,KB4503267
LTSB,Windows Server,2019-05-23,14393.2999,KB4499177
LTSB,Windows Server,2019-05-19,14393.2972,KB4505052
LTSB,Windows Server,2019-05-14,14393.2969,KB4494440
LTSB,Windows Server,2019-04-25,14393.2941,KB4493473
LTSB,Windows Server,2019-04-25,14393.2908,KB4499418
LTSB,Windows Server,2019-04-09,14393.2906,KB4493470
LTSB,Windows Server,2019-03-19,14393.2879,KB4489889
LTSB,Windows Server,2019-03-12,14393.2848,KB4489882
LTSB,Windows Server,2019-02-19,14393.2828,KB4487006
LTSB,Windows Server,2019-02-12,14393.2791,KB4487026
LTSB,Windows Server,2019-01-17,14393.2759,KB4480977
LTSB,Windows Server,2019-01-08,14393.2724,KB4480961
LTSB,Windows Server,2018-12-19,14393.2670,KB4483229
LTSB,Windows Server,2018-12-11,14393.2665,KB4471321
LTSB,Windows Server,2018-12-03,14393.2641,KB4478877
LTSB,Windows Server,2018-11-27,14393.2639,KB4467684
LTSB,Windows Server,2018-11-13,14393.2608,KB4467691
LTSB,Windows Server,2018-10-18,14393.2580,KB4462928
LTSB,Windows Server,2018-10-09,14393.2551,KB4462917
LTSB,Windows Server,2018-09-20,14393.2515,KB4457127
LTSB,Windows Server,2018-09-11,14393.2485,KB4457131
LTSB,Windows Server,2018-08-30,14393.2457,KB4343884
LTSB,Windows Server,2018-08-14,14393.2430,KB4343887
LTSB,Windows Server,2018-07-30,14393.2396,KB4346877
LTSB,Windows Server,2018-07-24,14393.2395,KB4338822
LTSB,Windows Server,2018-07-16,14393.2368,KB4345418
LTSB,Windows Server,2018-07-10,14393.2363,KB4338814
LTSB,Windows Server,2018-06-21,14393.2339,KB4284833
LTSB,Windows Server,2018-06-12,14393.2312,KB4284880
LTSB,Windows Server,2018-05-17,14393.2273,KB4103720
LTSB,Windows Server,2018-05-08,14393.2248,KB4103723
LTSB,Windows Server,2018-04-17,14393.2214,KB4093120
LTSB,Windows Server,2018-04-10,14393.2189,KB4093119
LTSB,Windows Server,2018-03-29,14393.2156,KB4096309
LTSB,Windows Server,2018-03-22,14393.2155,KB4088889
LTSB,Windows Server,2018-03-13,14393.2125,KB4088787
LTSB,Windows Server,2018-02-22,14393.2097,KB4077525
LTSB,Windows Server,2018-02-13,14393.2068,KB4074590
LTSB,Windows Server,2018-01-17,14393.2035,KB4057142
LTSB,Windows Server,2018-01-03,14393.2007,KB4056890
LTSB,Windows Server,2017-12-12,14393.1944,KB4053579
LTSB,Windows Server,2017-11-27,14393.1914,KB4051033
LTSB,Windows Server,2017-11-14,14393.1884,KB4048953
LTSB,Windows Server,2017-11-02,14393.1797,KB4052231
LTSB,Windows Server,2017-10-17,14393.1794,KB4041688
LTSB,Windows Server,2017-10-10,14393.1770,KB4041691
LTSB,Windows Server,2017-09-28,14393.1737,KB4038801
LTSB,Windows Server,2017-09-12,14393.1715,KB4038782
LTSB,Windows Server,2017-08-28,14393.1670,KB4039396
LTSB,Windows Server,2017-08-16,14393.1613,KB4034661
LTSB,Windows Server,2017-08-08,14393.1593,KB4034658
LTSB,Windows Server,2017-08-07,14393.1537,KB4038220
LTSB,Windows Server,2017-07-18,14393.1532,KB4025334
LTSB,Windows Server,2017-07-11,14393.1480,KB4025339
LTSB,Windows Server,2017-06-27,14393.1378,KB4022723
LTSB,Windows Server,2017-06-13,14393.1358,KB4022715
LTSB,Windows Server,2017-05-09,14393.1198,KB4019472
LTSB,Windows Server,2017-04-11,14393.1066,KB4015217
LTSB,Windows Server,2017-03-20,14393.969,KB4015438
LTSB,Windows Server,2017-03-14,14393.953,KB4013429
LTSB,Windows Server,2017-01-10,14393.693,KB3213986
LTSB,Windows Server,2016-12-13,14393.576,KB3206632
LTSB,Windows Server,2016-12-09,14393.479,KB3201845
LTSB,Windows Server,2016-11-08,14393.447,KB3200970
LTSB,Windows Server,2016-10-27,14393.351,KB3197954
LTSB,Windows Server,2016-10-11,14393.321,KB3194798
LTSB,Windows Server,2016-09-29,14393.222,KB3194496
LTSB,Windows Server,2016-09-20,14393.187,KB3193494
LTSB,Windows Server,2016-09-13,14393.187,KB3189866
LTSB,Windows Server,2016-08-31,14393.105,KB3176938
LTSB,Windows Server,2016-08-23,14393.82,KB3176934
LTSB,Windows Server,2016-08-09,14393.51,KB3176495
LTSB,Windows Server,2016-08-02,14393.10,KB3176929
