OS Version,Servicing option,KB article,Availability date,Build
Windows 11,General Availability Channel,KB5074109,2026-01-13,26200.7623
Windows 11,General Availability Channel,KB5072033,2025-12-09,26200.7462
Windows 11,General Availability Channel,KB5070311,2025-12-01,26200.7309
Windows 11,General Availability Channel,KB5068861,2025-11-11,26200.7171
Windows 11,General Availability Channel,KB5067036,2025-10-28,26200.7019
Windows 11,General Availability Channel,KB5070773,2025-10-20,26200.6901
Windows 11,General Availability Channel,KB5066835,2025-10-14,26200.6899
Windows 11,General Availability Channel,,2025-09-30,26200.6584
Windows 11,LTSC  •  General Availability Channel,KB5074109,2026-01-13,26100.7623
Windows 11,LTSC  •  General Availability Channel,KB5072033,2025-12-09,26100.7462
Windows 11,LTSC  •  General Availability Channel,KB5070311,2025-12-01,26100.7309
Windows 11,LTSC  •  General Availability Channel,KB5072359,2025-11-18,26100.7178
Windows 11,LTSC  •  General Availability Channel,KB5068861,2025-11-11,26100.7171
Windows 11,LTSC  •  General Availability Channel,KB5067036,2025-10-28,26100.7019
Windows 11,LTSC  •  General Availability Channel,KB5070881,2025-10-23,26100.6905
Windows 11,LTSC  •  General Availability Channel,KB5070773,2025-10-20,26100.6901
Windows 11,LTSC  •  General Availability Channel,KB5066835,2025-10-14,26100.6899
Windows 11,LTSC  •  General Availability Channel,KB5065789,2025-09-29,26100.6725
Windows 11,LTSC  •  General Availability Channel,KB5068221,2025-09-22,26100.6588
Windows 11,LTSC  •  General Availability Channel,KB5065426,2025-09-09,26100.6584
Windows 11,LTSC  •  General Availability Channel,KB5064081,2025-08-29,26100.5074
Windows 11,LTSC  •  General Availability Channel,KB5063878,2025-08-12,26100.4946
Windows 11,LTSC  •  General Availability Channel,KB5062660,2025-07-22,26100.4770
Windows 11,LTSC  •  General Availability Channel,KB5064489,2025-07-13,26100.4656
Windows 11,LTSC  •  General Availability Channel,KB5062553,2025-07-08,26100.4652
Windows 11,LTSC  •  General Availability Channel,KB5060829,2025-06-26,26100.4484
Windows 11,LTSC  •  General Availability Channel,KB5063060,2025-06-11,26100.4351
Windows 11,LTSC  •  General Availability Channel,KB5060842,2025-06-10,26100.4349
Windows 11,LTSC  •  General Availability Channel,KB5058499,2025-05-28,26100.4202
Windows 11,LTSC  •  General Availability Channel,KB5061977,2025-05-27,26100.4066
Windows 11,LTSC  •  General Availability Channel,KB5058411,2025-05-13,26100.4061
Windows 11,LTSC  •  General Availability Channel,KB5055627,2025-04-25,26100.3915
Windows 11,LTSC  •  General Availability Channel,KB5055523,2025-04-08,26100.3775
Windows 11,LTSC  •  General Availability Channel,KB5053656,2025-03-27,26100.3624
Windows 11,LTSC  •  General Availability Channel,KB5053598,2025-03-11,26100.3476
Windows 11,LTSC  •  General Availability Channel,KB5052093,2025-02-25,26100.3323
Windows 11,LTSC  •  General Availability Channel,KB5051987,2025-02-11,26100.3194
Windows 11,LTSC  •  General Availability Channel,KB5050094,2025-01-28,26100.3037
Windows 11,LTSC  •  General Availability Channel,KB5050009,2025-01-14,26100.2894
Windows 11,LTSC  •  General Availability Channel,KB5048667,2024-12-10,26100.2605
Windows 11,LTSC  •  General Availability Channel,KB5046740,2024-11-21,26100.2454
Windows 11,LTSC  •  General Availability Channel,KB5046617,2024-11-12,26100.2314
Windows 11,LTSC  •  General Availability Channel,KB5044384,2024-10-24,26100.2161
Windows 11,LTSC  •  General Availability Channel,KB5044284,2024-10-08,26100.2033
Windows 11,LTSC  •  General Availability Channel,,2024-10-01,26100.1742
Windows 11,General Availability Channel,KB5073455,2026-01-13,22631.6491
Windows 11,General Availability Channel,KB5071417,2025-12-09,22631.6345
Windows 11,General Availability Channel,KB5070312,2025-11-20,22631.6276
Windows 11,General Availability Channel,KB5068865,2025-11-11,22631.6199
Windows 11,General Availability Channel,KB5067112,2025-10-28,22631.6133
Windows 11,General Availability Channel,KB5066793,2025-10-14,22631.6060
Windows 11,General Availability Channel,KB5065790,2025-09-23,22631.5984
Windows 11,General Availability Channel,KB5065431,2025-09-09,22631.5909
Windows 11,General Availability Channel,KB5064080,2025-08-26,22631.5840
Windows 11,General Availability Channel,KB5066189,2025-08-19,22631.5771
Windows 11,General Availability Channel,KB5063875,2025-08-12,22631.5768
Windows 11,General Availability Channel,KB5062663,2025-07-22,22631.5699
Windows 11,General Availability Channel,KB5062552,2025-07-08,22631.5624
Windows 11,General Availability Channel,KB5060826,2025-06-26,22631.5549
Windows 11,General Availability Channel,KB5060999,2025-06-10,22631.5472
Windows 11,General Availability Channel,KB5062170,2025-05-31,22631.5415
Windows 11,General Availability Channel,KB5058502,2025-05-27,22631.5413
Windows 11,General Availability Channel,KB5058405,2025-05-13,22631.5335
Windows 11,General Availability Channel,KB5055629,2025-04-22,22631.5262
Windows 11,General Availability Channel,KB5058919,2025-04-11,22631.5192
Windows 11,General Availability Channel,KB5055528,2025-04-08,22631.5189
Windows 11,General Availability Channel,KB5053657,2025-03-25,22631.5126
Windows 11,General Availability Channel,KB5053602,2025-03-11,22631.5039
Windows 11,General Availability Channel,KB5052094,2025-02-25,22631.4974
Windows 11,General Availability Channel,KB5051989,2025-02-11,22631.4890
Windows 11,General Availability Channel,KB5050092,2025-01-29,22631.4830
Windows 11,General Availability Channel,KB5050021,2025-01-14,22631.4751
Windows 11,General Availability Channel,KB5048685,2024-12-10,22631.4602
Windows 11,General Availability Channel,KB5046732,2024-11-21,22631.4541
Windows 11,General Availability Channel,KB5046633,2024-11-12,22631.4460
Windows 11,General Availability Channel,KB5044380,2024-10-22,22631.4391
Windows 11,General Availability Channel,KB5044285,2024-10-08,22631.4317
Windows 11,General Availability Channel,KB5043145,2024-09-26,22631.4249
Windows 11,General Availability Channel,KB5043076,2024-09-10,22631.4169
Windows 11,General Availability Channel,KB5041587,2024-08-27,22631.4112
Windows 11,General Availability Channel,KB5041585,2024-08-13,22631.4037
Windows 11,General Availability Channel,KB5040527,2024-07-25,22631.3958
Windows 11,General Availability Channel,KB5040442,2024-07-09,22631.3880
Windows 11,General Availability Channel,KB5039302,2024-06-25,22631.3810
Windows 11,General Availability Channel,KB5039212,2024-06-11,22631.3737
Windows 11,General Availability Channel,KB5037853,2024-05-29,22631.3672
Windows 11,General Availability Channel,KB5037771,2024-05-14,22631.3593
Windows 11,General Availability Channel,KB5036980,2024-04-23,22631.3527
Windows 11,General Availability Channel,KB5036893,2024-04-09,22631.3447
Windows 11,General Availability Channel,KB5035942,2024-03-26,22631.3374
Windows 11,General Availability Channel,KB5035853,2024-03-12,22631.3296
Windows 11,General Availability Channel,KB5034848,2024-02-29,22631.3235
Windows 11,General Availability Channel,KB5034765,2024-02-13,22631.3155
Windows 11,General Availability Channel,KB5034204,2024-01-23,22631.3085
Windows 11,General Availability Channel,KB5034123,2024-01-09,22631.3007
Windows 11,General Availability Channel,KB5033375,2023-12-12,22631.2861
Windows 11,General Availability Channel,KB5032288,2023-12-04,22631.2792
Windows 11,General Availability Channel,KB5032190,2023-11-14,22631.2715
Windows 11,General Availability Channel,KB5031455,2023-10-31,22631.2506
Windows 11,General Availability Channel,,2023-10-31,22631.2428
Windows 11,General Availability Channel,KB5066793,2025-10-14,22621.6060
Windows 11,General Availability Channel,KB5065431,2025-09-09,22621.5909
Windows 11,General Availability Channel,KB5066189,2025-08-19,22621.5771
Windows 11,General Availability Channel,KB5063875,2025-08-12,22621.5768
Windows 11,General Availability Channel,KB5062552,2025-07-08,22621.5624
Windows 11,General Availability Channel,KB5060826,2025-06-26,22621.5549
Windows 11,General Availability Channel,KB5060999,2025-06-10,22621.5472
Windows 11,General Availability Channel,KB5062170,2025-05-31,22621.5415
Windows 11,General Availability Channel,KB5058502,2025-05-27,22621.5413
Windows 11,General Availability Channel,KB5058405,2025-05-13,22621.5335
Windows 11,General Availability Channel,KB5055629,2025-04-22,22621.5262
Windows 11,General Availability Channel,KB5058919,2025-04-11,22621.5192
Windows 11,General Availability Channel,KB5055528,2025-04-08,22621.5189
Windows 11,General Availability Channel,KB5053657,2025-03-25,22621.5126
Windows 11,General Availability Channel,KB5053602,2025-03-11,22621.5039
Windows 11,General Availability Channel,KB5052094,2025-02-25,22621.4974
Windows 11,General Availability Channel,KB5051989,2025-02-11,22621.4890
Windows 11,General Availability Channel,KB5050092,2025-01-29,22621.4830
Windows 11,General Availability Channel,KB5050021,2025-01-14,22621.4751
Windows 11,General Availability Channel,KB5048685,2024-12-10,22621.4602
Windows 11,General Availability Channel,KB5046732,2024-11-21,22621.4541
Windows 11,General Availability Channel,KB5046633,2024-11-12,22621.4460
Windows 11,General Availability Channel,KB5044380,2024-10-22,22621.4391
Windows 11,General Availability Channel,KB5044285,2024-10-08,22621.4317
Windows 11,General Availability Channel,KB5043145,2024-09-26,22621.4249
Windows 11,General Availability Channel,KB5043076,2024-09-10,22621.4169
Windows 11,General Availability Channel,KB5041587,2024-08-27,22621.4112
Windows 11,General Availability Channel,KB5041585,2024-08-13,22621.4037
Windows 11,General Availability Channel,KB5040527,2024-07-25,22621.3958
Windows 11,General Availability Channel,KB5040442,2024-07-09,22621.3880
Windows 11,General Availability Channel,KB5039302,2024-06-25,22621.3810
Windows 11,General Availability Channel,KB5039212,2024-06-11,22621.3737
Windows 11,General Availability Channel,KB5037853,2024-05-29,22621.3672
Windows 11,General Availability Channel,KB5037771,2024-05-14,22621.3593
Windows 11,General Availability Channel,KB5036980,2024-04-23,22621.3527
Windows 11,General Availability Channel,KB5036893,2024-04-09,22621.3447
Windows 11,General Availability Channel,KB5035942,2024-03-26,22621.3374
Windows 11,General Availability Channel,KB5035853,2024-03-12,22621.3296
Windows 11,General Availability Channel,KB5034848,2024-02-29,22621.3235
Windows 11,General Availability Channel,KB5034765,2024-02-13,22621.3155
Windows 11,General Availability Channel,KB5034204,2024-01-23,22621.3085
Windows 11,General Availability Channel,KB5034123,2024-01-09,22621.3007
Windows 11,General Availability Channel,KB5033375,2023-12-12,22621.2861
Windows 11,General Availability Channel,KB5032288,2023-12-04,22621.2792
Windows 11,General Availability Channel,KB5032190,2023-11-14,22621.2715
Windows 11,General Availability Channel,KB5031455,2023-10-26,22621.2506
Windows 11,General Availability Channel,KB5031354,2023-10-10,22621.2428
Windows 11,General Availability Channel,KB5030310,2023-09-26,22621.2361
Windows 11,General Availability Channel,KB5030219,2023-09-12,22621.2283
Windows 11,General Availability Channel,KB5029351,2023-08-22,22621.2215
Windows 11,General Availability Channel,KB5029263,2023-08-08,22621.2134
Windows 11,General Availability Channel,KB5028254,2023-07-26,22621.2070
Windows 11,General Availability Channel,KB5028185,2023-07-11,22621.1992
Windows 11,General Availability Channel,KB5027303,2023-06-27,22621.1928
Windows 11,General Availability Channel,KB5027231,2023-06-13,22621.1848
Windows 11,General Availability Channel,KB5026446,2023-05-24,22621.1778
Windows 11,General Availability Channel,KB5026372,2023-05-09,22621.1702
Windows 11,General Availability Channel,KB5025305,2023-04-25,22621.1635
Windows 11,General Availability Channel,KB5025239,2023-04-11,22621.1555
Windows 11,General Availability Channel,KB5023778,2023-03-28,22621.1485
Windows 11,General Availability Channel,KB5023706,2023-03-14,22621.1413
Windows 11,General Availability Channel,KB5022913,2023-02-28,22621.1344
Windows 11,General Availability Channel,KB5022845,2023-02-14,22621.1265
Windows 11,General Availability Channel,KB5022360,2023-01-26,22621.1194
Windows 11,General Availability Channel,KB5022303,2023-01-10,22621.1105
Windows 11,General Availability Channel,KB5021255,2022-12-13,22621.963
Windows 11,General Availability Channel,KB5020044,2022-11-29,22621.900
Windows 11,General Availability Channel,KB5019980,2022-11-08,22621.819
Windows 11,General Availability Channel,KB5018496,2022-10-25,22621.755
Windows 11,General Availability Channel,KB5019509,2022-10-18,22621.675
Windows 11,General Availability Channel,KB5018427,2022-10-11,22621.674
Windows 11,General Availability Channel,KB5017389,2022-09-30,22621.608
Windows 11,General Availability Channel,KB5019311,2022-09-27,22621.525
Windows 11,General Availability Channel,,2022-09-20,22621.521
Windows 11,General Availability Channel,KB5044280,2024-10-08,22000.3260
Windows 11,General Availability Channel,KB5043067,2024-09-10,22000.3197
Windows 11,General Availability Channel,KB5041592,2024-08-13,22000.3147
Windows 11,General Availability Channel,KB5040431,2024-07-09,22000.3079
Windows 11,General Availability Channel,KB5039213,2024-06-11,22000.3019
Windows 11,General Availability Channel,KB5037770,2024-05-14,22000.2960
Windows 11,General Availability Channel,KB5036894,2024-04-09,22000.2899
Windows 11,General Availability Channel,KB5035854,2024-03-12,22000.2836
Windows 11,General Availability Channel,KB5034766,2024-02-13,22000.2777
Windows 11,General Availability Channel,KB5034121,2024-01-09,22000.2713
Windows 11,General Availability Channel,KB5033369,2023-12-12,22000.2652
Windows 11,General Availability Channel,KB5032192,2023-11-14,22000.2600
Windows 11,General Availability Channel,KB5031358,2023-10-10,22000.2538
Windows 11,General Availability Channel,KB5030301,2023-09-26,22000.2482
Windows 11,General Availability Channel,KB5030217,2023-09-12,22000.2416
Windows 11,General Availability Channel,KB5029332,2023-08-22,22000.2360
Windows 11,General Availability Channel,KB5029253,2023-08-08,22000.2295
Windows 11,General Availability Channel,KB5028245,2023-07-25,22000.2245
Windows 11,General Availability Channel,KB5028182,2023-07-11,22000.2176
Windows 11,General Availability Channel,KB5027292,2023-06-28,22000.2124
Windows 11,General Availability Channel,KB5027223,2023-06-13,22000.2057
Windows 11,General Availability Channel,KB5026436,2023-05-23,22000.2003
Windows 11,General Availability Channel,KB5026368,2023-05-09,22000.1936
Windows 11,General Availability Channel,KB5025298,2023-04-25,22000.1880
Windows 11,General Availability Channel,KB5025224,2023-04-11,22000.1817
Windows 11,General Availability Channel,KB5023774,2023-03-28,22000.1761
Windows 11,General Availability Channel,KB5023698,2023-03-14,22000.1696
Windows 11,General Availability Channel,KB5022905,2023-02-21,22000.1641
Windows 11,General Availability Channel,KB5022836,2023-02-14,22000.1574
Windows 11,General Availability Channel,KB5019274,2023-01-19,22000.1516
Windows 11,General Availability Channel,KB5022287,2023-01-10,22000.1455
Windows 11,General Availability Channel,KB5021234,2022-12-13,22000.1335
Windows 11,General Availability Channel,KB5019157,2022-11-15,22000.1281
Windows 11,General Availability Channel,KB5019961,2022-11-08,22000.1219
Windows 11,General Availability Channel,KB5018483,2022-10-25,22000.1165
Windows 11,General Availability Channel,KB5020387,2022-10-17,22000.1100
Windows 11,General Availability Channel,KB5018418,2022-10-11,22000.1098
Windows 11,General Availability Channel,KB5017383,2022-09-20,22000.1042
Windows 11,General Availability Channel,KB5017328,2022-09-13,22000.978
Windows 11,General Availability Channel,KB5016691,2022-08-25,22000.918
Windows 11,General Availability Channel,KB5016629,2022-08-09,22000.856
Windows 11,General Availability Channel,KB5015882,2022-07-21,22000.832
Windows 11,General Availability Channel,KB5015814,2022-07-12,22000.795
Windows 11,General Availability Channel,KB5014668,2022-06-23,22000.778
Windows 11,General Availability Channel,KB5016138,2022-06-20,22000.740
Windows 11,General Availability Channel,KB5014697,2022-06-14,22000.739
Windows 11,General Availability Channel,KB5014019,2022-05-24,22000.708
Windows 11,General Availability Channel,KB5013943,2022-05-10,22000.675
Windows 11,General Availability Channel,KB5012643,2022-04-25,22000.652
Windows 11,General Availability Channel,KB5012592,2022-04-12,22000.613
Windows 11,General Availability Channel,KB5011563,2022-03-28,22000.593
Windows 11,General Availability Channel,KB5011493,2022-03-08,22000.556
Windows 11,General Availability Channel,KB5010414,2022-02-15,22000.527
Windows 11,General Availability Channel,KB5010386,2022-02-08,22000.493
Windows 11,General Availability Channel,KB5008353,2022-01-25,22000.469
Windows 11,General Availability Channel,KB5010795,2022-01-17,22000.438
Windows 11,General Availability Channel,KB5009566,2022-01-11,22000.434
Windows 11,General Availability Channel,KB5008215,2021-12-14,22000.376
Windows 11,General Availability Channel,KB5007262,2021-11-22,22000.348
Windows 11,General Availability Channel,KB5007215,2021-11-09,22000.318
Windows 11,General Availability Channel,KB5006746,2021-10-21,22000.282
Windows 11,General Availability Channel,KB5006674,2021-10-12,22000.258
Windows 11,General Availability Channel,,2021-10-04,22000.194
Windows 10,General Availability Channel,KB5073724,2026-01-13,19045.6809
Windows 10,General Availability Channel,KB5074976,2025-12-18,19045.6693
Windows 10,General Availability Channel,KB5071546,2025-12-09,19045.6691
Windows 10,General Availability Channel,KB5068781,2025-11-11,19045.6575
Windows 10,General Availability Channel,KB5071959,2025-11-11,19045.6466
Windows 10,General Availability Channel,KB5066791,2025-10-14,19045.6456
Windows 10,General Availability Channel,KB5066198,2025-09-25,19045.6396
Windows 10,General Availability Channel,KB5065429,2025-09-09,19045.6332
Windows 10,General Availability Channel,KB5063842,2025-08-26,19045.6282
Windows 10,General Availability Channel,KB5066188,2025-08-19,19045.6218
Windows 10,General Availability Channel,KB5063709,2025-08-12,19045.6216
Windows 10,General Availability Channel,KB5062649,2025-07-22,19045.6159
Windows 10,General Availability Channel,KB5062554,2025-07-08,19045.6093
Windows 10,General Availability Channel,KB5061087,2025-06-24,19045.6036
Windows 10,General Availability Channel,KB5063159,2025-06-16,19045.5968
Windows 10,General Availability Channel,KB5060533,2025-06-10,19045.5965
Windows 10,General Availability Channel,KB5058481,2025-05-28,19045.5917
Windows 10,General Availability Channel,KB5061979,2025-05-27,19045.5859
Windows 10,General Availability Channel,KB5061768,2025-05-19,19045.5856
Windows 10,General Availability Channel,KB5058379,2025-05-13,19045.5854
Windows 10,General Availability Channel,KB5055612,2025-04-22,19045.5796
Windows 10,General Availability Channel,KB5055518,2025-04-08,19045.5737
Windows 10,General Availability Channel,KB5053643,2025-03-25,19045.5679
Windows 10,General Availability Channel,KB5053606,2025-03-11,19045.5608
Windows 10,General Availability Channel,KB5052077,2025-02-25,19045.5555
Windows 10,General Availability Channel,KB5051974,2025-02-11,19045.5487
Windows 10,General Availability Channel,KB5050081,2025-01-28,19045.5440
Windows 10,General Availability Channel,KB5049981,2025-01-14,19045.5371
Windows 10,General Availability Channel,KB5048652,2024-12-10,19045.5247
Windows 10,General Availability Channel,KB5046714,2024-11-21,19045.5198
Windows 10,General Availability Channel,KB5046613,2024-11-12,19045.5131
Windows 10,General Availability Channel,KB5045594,2024-10-22,19045.5073
Windows 10,General Availability Channel,KB5044273,2024-10-08,19045.5011
Windows 10,General Availability Channel,KB5043131,2024-09-24,19045.4957
Windows 10,General Availability Channel,KB5043064,2024-09-10,19045.4894
Windows 10,General Availability Channel,KB5041582,2024-08-29,19045.4842
Windows 10,General Availability Channel,KB5041580,2024-08-13,19045.4780
Windows 10,General Availability Channel,KB5040525,2024-07-23,19045.4717
Windows 10,General Availability Channel,KB5040427,2024-07-09,19045.4651
Windows 10,General Availability Channel,KB5039299,2024-06-25,19045.4598
Windows 10,General Availability Channel,KB5039211,2024-06-11,19045.4529
Windows 10,General Availability Channel,KB5037849,2024-05-29,19045.4474
Windows 10,General Availability Channel,KB5037768,2024-05-14,19045.4412
Windows 10,General Availability Channel,KB5036979,2024-04-23,19045.4355
Windows 10,General Availability Channel,KB5036892,2024-04-09,19045.4291
Windows 10,General Availability Channel,KB5035941,2024-03-26,19045.4239
Windows 10,General Availability Channel,KB5035845,2024-03-12,19045.4170
Windows 10,General Availability Channel,KB5034843,2024-02-29,19045.4123
Windows 10,General Availability Channel,KB5034763,2024-02-13,19045.4046
Windows 10,General Availability Channel,KB5034203,2024-01-23,19045.3996
Windows 10,General Availability Channel,KB5034122,2024-01-09,19045.3930
Windows 10,General Availability Channel,KB5033372,2023-12-12,19045.3803
Windows 10,General Availability Channel,KB5032278,2023-11-30,19045.3758
Windows 10,General Availability Channel,KB5032189,2023-11-14,19045.3693
Windows 10,General Availability Channel,KB5031445,2023-10-26,19045.3636
Windows 10,General Availability Channel,KB5031356,2023-10-10,19045.3570
Windows 10,General Availability Channel,KB5030300,2023-09-26,19045.3516
Windows 10,General Availability Channel,KB5030211,2023-09-12,19045.3448
Windows 10,General Availability Channel,KB5029331,2023-08-22,19045.3393
Windows 10,General Availability Channel,KB5029244,2023-08-08,19045.3324
Windows 10,General Availability Channel,KB5028244,2023-07-25,19045.3271
Windows 10,General Availability Channel,KB5028166,2023-07-11,19045.3208
Windows 10,General Availability Channel,KB5027293,2023-06-27,19045.3155
Windows 10,General Availability Channel,KB5027215,2023-06-13,19045.3086
Windows 10,General Availability Channel,KB5026435,2023-05-23,19045.3031
Windows 10,General Availability Channel,KB5026361,2023-05-09,19045.2965
Windows 10,General Availability Channel,KB5025297,2023-04-25,19045.2913
Windows 10,General Availability Channel,KB5025221,2023-04-11,19045.2846
Windows 10,General Availability Channel,KB5023773,2023-03-21,19045.2788
Windows 10,General Availability Channel,KB5023696,2023-03-14,19045.2728
Windows 10,General Availability Channel,KB5022906,2023-02-21,19045.2673
Windows 10,General Availability Channel,KB5022834,2023-02-14,19045.2604
Windows 10,General Availability Channel,KB5019275,2023-01-19,19045.2546
Windows 10,General Availability Channel,KB5022282,2023-01-10,19045.2486
Windows 10,General Availability Channel,KB5021233,2022-12-13,19045.2364
Windows 10,General Availability Channel,KB5020030,2022-11-15,19045.2311
Windows 10,General Availability Channel,KB5019959,2022-11-08,19045.2251
Windows 10,General Availability Channel,,2022-10-18,19045.2130
Windows 10,LTSC,KB5073724,2026-01-13,19044.6809
Windows 10,LTSC,KB5074976,2025-12-18,19044.6693
Windows 10,LTSC,KB5071546,2025-12-09,19044.6691
Windows 10,LTSC,KB5068781,2025-11-11,19044.6575
Windows 10,LTSC,KB5066791,2025-10-14,19044.6456
Windows 10,LTSC,KB5065429,2025-09-09,19044.6332
Windows 10,LTSC,KB5066188,2025-08-19,19044.6218
Windows 10,LTSC,KB5063709,2025-08-12,19044.6216
Windows 10,LTSC,KB5062554,2025-07-08,19044.6093
Windows 10,LTSC,KB5060533,2025-06-10,19044.5965
Windows 10,LTSC,KB5061979,2025-05-27,19044.5859
Windows 10,LTSC,KB5061768,2025-05-19,19044.5856
Windows 10,LTSC,KB5058379,2025-05-13,19044.5854
Windows 10,LTSC,KB5055518,2025-04-08,19044.5737
Windows 10,LTSC,KB5053606,2025-03-11,19044.5608
Windows 10,LTSC,KB5051974,2025-02-11,19044.5487
Windows 10,LTSC,KB5049981,2025-01-14,19044.5371
Windows 10,LTSC,KB5048652,2024-12-10,19044.5247
Windows 10,LTSC,KB5046613,2024-11-12,19044.5131
Windows 10,LTSC,KB5044273,2024-10-08,19044.5011
Windows 10,LTSC,KB5043064,2024-09-10,19044.4894
Windows 10,LTSC,KB5041580,2024-08-13,19044.4780
Windows 10,LTSC,KB5040427,2024-07-09,19044.4651
Windows 10,LTSC  •  General Availability Channel,KB5039211,2024-06-11,19044.4529
Windows 10,LTSC  •  General Availability Channel,KB5037768,2024-05-14,19044.4412
Windows 10,LTSC  •  General Availability Channel,KB5036892,2024-04-09,19044.4291
Windows 10,LTSC  •  General Availability Channel,KB5035845,2024-03-12,19044.4170
Windows 10,LTSC  •  General Availability Channel,KB5034763,2024-02-13,19044.4046
Windows 10,LTSC  •  General Availability Channel,KB5034122,2024-01-09,19044.3930
Windows 10,LTSC  •  General Availability Channel,KB5033372,2023-12-12,19044.3803
Windows 10,LTSC  •  General Availability Channel,KB5032189,2023-11-14,19044.3693
Windows 10,LTSC  •  General Availability Channel,KB5031356,2023-10-10,19044.3570
Windows 10,LTSC  •  General Availability Channel,KB5030211,2023-09-12,19044.3448
Windows 10,LTSC  •  General Availability Channel,KB5029244,2023-08-08,19044.3324
Windows 10,LTSC  •  General Availability Channel,KB5028166,2023-07-11,19044.3208
Windows 10,LTSC  •  General Availability Channel,KB5027215,2023-06-13,19044.3086
Windows 10,LTSC  •  General Availability Channel,KB5026361,2023-05-09,19044.2965
Windows 10,LTSC  •  General Availability Channel,KB5025221,2023-04-11,19044.2846
Windows 10,LTSC  •  General Availability Channel,KB5023773,2023-03-21,19044.2788
Windows 10,LTSC  •  General Availability Channel,KB5023696,2023-03-14,19044.2728
Windows 10,LTSC  •  General Availability Channel,KB5022906,2023-02-21,19044.2673
Windows 10,LTSC  •  General Availability Channel,KB5022834,2023-02-14,19044.2604
Windows 10,LTSC  •  General Availability Channel,KB5019275,2023-01-19,19044.2546
Windows 10,LTSC  •  General Availability Channel,KB5022282,2023-01-10,19044.2486
Windows 10,LTSC  •  General Availability Channel,KB5021233,2022-12-13,19044.2364
Windows 10,LTSC  •  General Availability Channel,KB5020030,2022-11-15,19044.2311
Windows 10,LTSC  •  General Availability Channel,KB5019959,2022-11-08,19044.2251
Windows 10,LTSC  •  General Availability Channel,KB5020953,2022-10-28,19044.2194
Windows 10,LTSC  •  General Availability Channel,KB5018482,2022-10-25,19044.2193
Windows 10,LTSC  •  General Availability Channel,KB5020435,2022-10-17,19044.2132
Windows 10,LTSC  •  General Availability Channel,KB5018410,2022-10-11,19044.2130
Windows 10,LTSC  •  General Availability Channel,KB5017380,2022-09-20,19044.2075
Windows 10,LTSC  •  General Availability Channel,KB5017308,2022-09-13,19044.2006
Windows 10,LTSC  •  General Availability Channel,KB5016688,2022-08-26,19044.1949
Windows 10,LTSC  •  General Availability Channel,KB5016616,2022-08-09,19044.1889
Windows 10,LTSC  •  General Availability Channel,KB5015878,2022-07-26,19044.1865
Windows 10,LTSC  •  General Availability Channel,KB5015807,2022-07-12,19044.1826
Windows 10,LTSC  •  General Availability Channel,KB5014666,2022-06-28,19044.1806
Windows 10,LTSC  •  General Availability Channel,KB5016139,2022-06-20,19044.1767
Windows 10,LTSC  •  General Availability Channel,KB5014699,2022-06-14,19044.1766
Windows 10,LTSC  •  General Availability Channel,KB5014023,2022-06-02,19044.1741
Windows 10,LTSC  •  General Availability Channel,KB5015020,2022-05-19,19044.1708
Windows 10,LTSC  •  General Availability Channel,KB5013942,2022-05-10,19044.1706
Windows 10,LTSC  •  General Availability Channel,KB5011831,2022-04-25,19044.1682
Windows 10,LTSC  •  General Availability Channel,KB5012599,2022-04-12,19044.1645
Windows 10,LTSC  •  General Availability Channel,KB5011543,2022-03-22,19044.1620
Windows 10,LTSC  •  General Availability Channel,KB5011487,2022-03-08,19044.1586
Windows 10,LTSC  •  General Availability Channel,KB5010415,2022-02-15,19044.1566
Windows 10,LTSC  •  General Availability Channel,KB5010342,2022-02-08,19044.1526
Windows 10,LTSC  •  General Availability Channel,KB5009596,2022-01-25,19044.1503
Windows 10,LTSC  •  General Availability Channel,KB5010793,2022-01-17,19044.1469
Windows 10,LTSC  •  General Availability Channel,KB5009543,2022-01-11,19044.1466
Windows 10,LTSC  •  General Availability Channel,KB5008212,2021-12-14,19044.1415
Windows 10,LTSC  •  General Availability Channel,KB5007253,2021-11-22,19044.1387
Windows 10,LTSC  •  General Availability Channel,,2021-11-16,19044.1288
Windows 10,Semi-Annual Channel,KB5021233,2022-12-13,19043.2364
Windows 10,Semi-Annual Channel,KB5020030,2022-11-15,19043.2311
Windows 10,Semi-Annual Channel,KB5019959,2022-11-08,19043.2251
Windows 10,Semi-Annual Channel,KB5020953,2022-10-28,19043.2194
Windows 10,Semi-Annual Channel,KB5018482,2022-10-25,19043.2193
Windows 10,Semi-Annual Channel,KB5020435,2022-10-17,19043.2132
Windows 10,Semi-Annual Channel,KB5018410,2022-10-11,19043.2130
Windows 10,Semi-Annual Channel,KB5017380,2022-09-20,19043.2075
Windows 10,Semi-Annual Channel,KB5017308,2022-09-13,19043.2006
Windows 10,Semi-Annual Channel,KB5016688,2022-08-26,19043.1949
Windows 10,Semi-Annual Channel,KB5016616,2022-08-09,19043.1889
Windows 10,Semi-Annual Channel,KB5015878,2022-07-26,19043.1865
Windows 10,Semi-Annual Channel,KB5015807,2022-07-12,19043.1826
Windows 10,Semi-Annual Channel,KB5014666,2022-06-28,19043.1806
Windows 10,Semi-Annual Channel,KB5016139,2022-06-20,19043.1767
Windows 10,Semi-Annual Channel,KB5014699,2022-06-14,19043.1766
Windows 10,Semi-Annual Channel,KB5014023,2022-06-02,19043.1741
Windows 10,Semi-Annual Channel,KB5015020,2022-05-19,19043.1708
Windows 10,Semi-Annual Channel,KB5013942,2022-05-10,19043.1706
Windows 10,Semi-Annual Channel,KB5011831,2022-04-25,19043.1682
Windows 10,Semi-Annual Channel,KB5012599,2022-04-12,19043.1645
Windows 10,Semi-Annual Channel,KB5011543,2022-03-22,19043.1620
Windows 10,Semi-Annual Channel,KB5011487,2022-03-08,19043.1586
Windows 10,Semi-Annual Channel,KB5010415,2022-02-15,19043.1566
Windows 10,Semi-Annual Channel,KB5010342,2022-02-08,19043.1526
Windows 10,Semi-Annual Channel,KB5009596,2022-01-25,19043.1503
Windows 10,Semi-Annual Channel,KB5010793,2022-01-17,19043.1469
Windows 10,Semi-Annual Channel,KB5009543,2022-01-11,19043.1466
Windows 10,Semi-Annual Channel,KB5008212,2021-12-14,19043.1415
Windows 10,Semi-Annual Channel,KB5007253,2021-11-22,19043.1387
Windows 10,Semi-Annual Channel,KB5007186,2021-11-09,19043.1348
Windows 10,Semi-Annual Channel,KB5006738,2021-10-26,19043.1320
Windows 10,Semi-Annual Channel,KB5006670,2021-10-12,19043.1288
Windows 10,Semi-Annual Channel,KB5005611,2021-09-30,19043.1266
Windows 10,Semi-Annual Channel,KB5005565,2021-09-14,19043.1237
Windows 10,Semi-Annual Channel,KB5005101,2021-09-01,19043.1202
Windows 10,Semi-Annual Channel,KB5005033,2021-08-10,19043.1165
Windows 10,Semi-Annual Channel,KB5004296,2021-07-29,19043.1151
Windows 10,Semi-Annual Channel,KB5004237,2021-07-13,19043.1110
Windows 10,Semi-Annual Channel,KB5004945,2021-07-06,19043.1083
Windows 10,Semi-Annual Channel,KB5004760,2021-06-29,19043.1082
Windows 10,Semi-Annual Channel,KB5003690,2021-06-21,19043.1081
Windows 10,Semi-Annual Channel,KB5004476,2021-06-11,19043.1055
Windows 10,Semi-Annual Channel,KB5003637,2021-06-08,19043.1052
Windows 10,Semi-Annual Channel,KB5003214,2021-05-25,19043.1023
Windows 10,Semi-Annual Channel,KB5003173,2021-05-18,19043.985
Windows 10,Semi-Annual Channel,KB5026361,2023-05-09,19042.2965
Windows 10,Semi-Annual Channel,KB5025221,2023-04-11,19042.2846
Windows 10,Semi-Annual Channel,KB5023773,2023-03-21,19042.2788
Windows 10,Semi-Annual Channel,KB5023696,2023-03-14,19042.2728
Windows 10,Semi-Annual Channel,KB5022906,2023-02-21,19042.2673
Windows 10,Semi-Annual Channel,KB5022834,2023-02-14,19042.2604
Windows 10,Semi-Annual Channel,KB5019275,2023-01-19,19042.2546
Windows 10,Semi-Annual Channel,KB5022282,2023-01-10,19042.2486
Windows 10,Semi-Annual Channel,KB5021233,2022-12-13,19042.2364
Windows 10,Semi-Annual Channel,KB5020030,2022-11-15,19042.2311
Windows 10,Semi-Annual Channel,KB5019959,2022-11-08,19042.2251
Windows 10,Semi-Annual Channel,KB5020953,2022-10-28,19042.2194
Windows 10,Semi-Annual Channel,KB5018482,2022-10-25,19042.2193
Windows 10,Semi-Annual Channel,KB5020435,2022-10-17,19042.2132
Windows 10,Semi-Annual Channel,KB5018410,2022-10-11,19042.2130
Windows 10,Semi-Annual Channel,KB5017380,2022-09-20,19042.2075
Windows 10,Semi-Annual Channel,KB5017308,2022-09-13,19042.2006
Windows 10,Semi-Annual Channel,KB5016688,2022-08-26,19042.1949
Windows 10,Semi-Annual Channel,KB5016616,2022-08-09,19042.1889
Windows 10,Semi-Annual Channel,KB5015878,2022-07-26,19042.1865
Windows 10,Semi-Annual Channel,KB5015807,2022-07-12,19042.1826
Windows 10,Semi-Annual Channel,KB5014666,2022-06-28,19042.1806
Windows 10,Semi-Annual Channel,KB5016139,2022-06-20,19042.1767
Windows 10,Semi-Annual Channel,KB5014699,2022-06-14,19042.1766
Windows 10,Semi-Annual Channel,KB5014023,2022-06-02,19042.1741
Windows 10,Semi-Annual Channel,KB5015020,2022-05-19,19042.1708
Windows 10,Semi-Annual Channel,KB5013942,2022-05-10,19042.1706
Windows 10,Semi-Annual Channel,KB5011831,2022-04-25,19042.1682
Windows 10,Semi-Annual Channel,KB5012599,2022-04-12,19042.1645
Windows 10,Semi-Annual Channel,KB5011543,2022-03-22,19042.1620
Windows 10,Semi-Annual Channel,KB5011487,2022-03-08,19042.1586
Windows 10,Semi-Annual Channel,KB5010415,2022-02-15,19042.1566
Windows 10,Semi-Annual Channel,KB5010342,2022-02-08,19042.1526
Windows 10,Semi-Annual Channel,KB5009596,2022-01-25,19042.1503
Windows 10,Semi-Annual Channel,KB5010793,2022-01-17,19042.1469
Windows 10,Semi-Annual Channel,KB5009543,2022-01-11,19042.1466
Windows 10,Semi-Annual Channel,KB5008212,2021-12-14,19042.1415
Windows 10,Semi-Annual Channel,KB5007253,2021-11-22,19042.1387
Windows 10,Semi-Annual Channel,KB5007186,2021-11-09,19042.1348
Windows 10,Semi-Annual Channel,KB5006738,2021-10-26,19042.1320
Windows 10,Semi-Annual Channel,KB5006670,2021-10-12,19042.1288
Windows 10,Semi-Annual Channel,KB5005611,2021-09-30,19042.1266
Windows 10,Semi-Annual Channel,KB5005565,2021-09-14,19042.1237
Windows 10,Semi-Annual Channel,KB5005101,2021-09-01,19042.1202
Windows 10,Semi-Annual Channel,KB5005033,2021-08-10,19042.1165
Windows 10,Semi-Annual Channel,KB5004296,2021-07-29,19042.1151
Windows 10,Semi-Annual Channel,KB5004237,2021-07-13,19042.1110
Windows 10,Semi-Annual Channel,KB5004945,2021-07-06,19042.1083
Windows 10,Semi-Annual Channel,KB5004760,2021-06-29,19042.1082
Windows 10,Semi-Annual Channel,KB5003690,2021-06-21,19042.1081
Windows 10,Semi-Annual Channel,KB5004476,2021-06-11,19042.1055
Windows 10,Semi-Annual Channel,KB5003637,2021-06-08,19042.1052
Windows 10,Semi-Annual Channel,KB5003214,2021-05-25,19042.1023
Windows 10,Semi-Annual Channel,KB5003173,2021-05-11,19042.985
Windows 10,Semi-Annual Channel,KB5001391,2021-04-28,19042.964
Windows 10,Semi-Annual Channel,KB5001330,2021-04-13,19042.928
Windows 10,Semi-Annual Channel,KB5000842,2021-03-29,19042.906
Windows 10,Semi-Annual Channel,KB5001649,2021-03-18,19042.870
Windows 10,Semi-Annual Channel,KB5001567,2021-03-15,19042.868
Windows 10,Semi-Annual Channel,KB5000802,2021-03-09,19042.867
Windows 10,Semi-Annual Channel,KB4601382,2021-02-24,19042.844
Windows 10,Semi-Annual Channel,KB4601319,2021-02-09,19042.804
Windows 10,Semi-Annual Channel,KB4598291,2021-02-02,19042.789
Windows 10,Semi-Annual Channel,KB4598242,2021-01-12,19042.746
Windows 10,Semi-Annual Channel,KB4592438,2020-12-08,19042.685
Windows 10,Semi-Annual Channel,KB4586853,2020-11-30,19042.662
Windows 10,Semi-Annual Channel,KB4594440,2020-11-19,19042.631
Windows 10,Semi-Annual Channel,KB4586781,2020-11-10,19042.630
Windows 10,Semi-Annual Channel,KB4580364,2020-10-29,19042.610
Windows 10,Semi-Annual Channel,,2020-10-20,19042.572
Windows 10,Semi-Annual Channel,KB5008212,2021-12-14,19041.1415
Windows 10,Semi-Annual Channel,KB5007253,2021-11-22,19041.1387
Windows 10,Semi-Annual Channel,KB5007186,2021-11-09,19041.1348
Windows 10,Semi-Annual Channel,KB5006738,2021-10-26,19041.1320
Windows 10,Semi-Annual Channel,KB5006670,2021-10-12,19041.1288
Windows 10,Semi-Annual Channel,KB5005611,2021-09-30,19041.1266
Windows 10,Semi-Annual Channel,KB5005565,2021-09-14,19041.1237
Windows 10,Semi-Annual Channel,KB5005101,2021-09-01,19041.1202
Windows 10,Semi-Annual Channel,KB5005033,2021-08-10,19041.1165
Windows 10,Semi-Annual Channel,KB5004296,2021-07-29,19041.1151
Windows 10,Semi-Annual Channel,KB5004237,2021-07-13,19041.1110
Windows 10,Semi-Annual Channel,KB5004945,2021-07-06,19041.1083
Windows 10,Semi-Annual Channel,KB5004760,2021-06-29,19041.1082
Windows 10,Semi-Annual Channel,KB5003690,2021-06-21,19041.1081
Windows 10,Semi-Annual Channel,KB5004476,2021-06-11,19041.1055
Windows 10,Semi-Annual Channel,KB5003637,2021-06-08,19041.1052
Windows 10,Semi-Annual Channel,KB5003214,2021-05-25,19041.1023
Windows 10,Semi-Annual Channel,KB5003173,2021-05-11,19041.985
Windows 10,Semi-Annual Channel,KB5001391,2021-04-28,19041.964
Windows 10,Semi-Annual Channel,KB5001330,2021-04-13,19041.928
Windows 10,Semi-Annual Channel,KB5000842,2021-03-29,19041.906
Windows 10,Semi-Annual Channel,KB5001649,2021-03-18,19041.870
Windows 10,Semi-Annual Channel,KB5001567,2021-03-15,19041.868
Windows 10,Semi-Annual Channel,KB5000802,2021-03-09,19041.867
Windows 10,Semi-Annual Channel,KB4601382,2021-02-24,19041.844
Windows 10,Semi-Annual Channel,KB4601319,2021-02-09,19041.804
Windows 10,Semi-Annual Channel,KB4598291,2021-02-02,19041.789
Windows 10,Semi-Annual Channel,KB4598242,2021-01-12,19041.746
Windows 10,Semi-Annual Channel,KB4592438,2020-12-08,19041.685
Windows 10,Semi-Annual Channel,KB4586853,2020-11-30,19041.662
Windows 10,Semi-Annual Channel,KB4594440,2020-11-19,19041.631
Windows 10,Semi-Annual Channel,KB4586781,2020-11-10,19041.630
Windows 10,Semi-Annual Channel,KB4580364,2020-10-29,19041.610
Windows 10,Semi-Annual Channel,KB4579311,2020-10-13,19041.572
Windows 10,Semi-Annual Channel,KB4577063,2020-10-01,19041.546
Windows 10,Semi-Annual Channel,KB4571756,2020-09-08,19041.508
Windows 10,Semi-Annual Channel,KB4571744,2020-09-03,19041.488
Windows 10,Semi-Annual Channel,KB4566782,2020-08-11,19041.450
Windows 10,Semi-Annual Channel,KB4568831,2020-07-31,19041.423
Windows 10,Semi-Annual Channel,KB4565503,2020-07-14,19041.388
Windows 10,Semi-Annual Channel,KB4567523,2020-06-18,19041.331
Windows 10,Semi-Annual Channel,KB4557957,2020-06-09,19041.329
Windows 10,Semi-Annual Channel,,2020-05-27,19041.264
Windows 10,Semi-Annual Channel,KB5013945,2022-05-10,18363.2274
Windows 10,Semi-Annual Channel,KB5012591,2022-04-12,18363.2212
Windows 10,Semi-Annual Channel,KB5011485,2022-03-08,18363.2158
Windows 10,Semi-Annual Channel,KB5010345,2022-02-08,18363.2094
Windows 10,Semi-Annual Channel,KB5010792,2022-01-17,18363.2039
Windows 10,Semi-Annual Channel,KB5009545,2022-01-11,18363.2037
Windows 10,Semi-Annual Channel,KB5008206,2021-12-14,18363.1977
Windows 10,Semi-Annual Channel,KB5007189,2021-11-09,18363.1916
Windows 10,Semi-Annual Channel,KB5006667,2021-10-12,18363.1854
Windows 10,Semi-Annual Channel,KB5005624,2021-09-21,18363.1832
Windows 10,Semi-Annual Channel,KB5005566,2021-09-14,18363.1801
Windows 10,Semi-Annual Channel,KB5005103,2021-08-26,18363.1766
Windows 10,Semi-Annual Channel,KB5005031,2021-08-10,18363.1734
Windows 10,Semi-Annual Channel,KB5004293,2021-07-29,18363.1714
Windows 10,Semi-Annual Channel,KB5004245,2021-07-13,18363.1679
Windows 10,Semi-Annual Channel,KB5004946,2021-07-06,18363.1646
Windows 10,Semi-Annual Channel,KB5003698,2021-06-15,18363.1645
Windows 10,Semi-Annual Channel,KB5003635,2021-06-08,18363.1621
Windows 10,Semi-Annual Channel,KB5003212,2021-05-20,18363.1593
Windows 10,Semi-Annual Channel,KB5003169,2021-05-11,18363.1556
Windows 10,Semi-Annual Channel,KB5001396,2021-04-22,18363.1533
Windows 10,Semi-Annual Channel,KB5001337,2021-04-13,18363.1500
Windows 10,Semi-Annual Channel,KB5000850,2021-03-25,18363.1474
Windows 10,Semi-Annual Channel,KB5001648,2021-03-18,18363.1443
Windows 10,Semi-Annual Channel,KB5001566,2021-03-15,18363.1441
Windows 10,Semi-Annual Channel,KB5000808,2021-03-09,18363.1440
Windows 10,Semi-Annual Channel,KB4601380,2021-02-16,18363.1411
Windows 10,Semi-Annual Channel,KB5001028,2021-02-11,18363.1379
Windows 10,Semi-Annual Channel,KB4601315,2021-02-09,18363.1377
Windows 10,Semi-Annual Channel,KB4598298,2021-01-21,18363.1350
Windows 10,Semi-Annual Channel,KB4598229,2021-01-12,18363.1316
Windows 10,Semi-Annual Channel,KB4592449,2020-12-08,18363.1256
Windows 10,Semi-Annual Channel,KB4586819,2020-11-19,18363.1237
Windows 10,Semi-Annual Channel,KB4594443,2020-11-19,18363.1199
Windows 10,Semi-Annual Channel,KB4586786,2020-11-10,18363.1198
Windows 10,Semi-Annual Channel,KB4580386,2020-10-20,18363.1171
Windows 10,Semi-Annual Channel,KB4577671,2020-10-13,18363.1139
Windows 10,Semi-Annual Channel,KB4577062,2020-09-16,18363.1110
Windows 10,Semi-Annual Channel,KB4574727,2020-09-08,18363.1082
Windows 10,Semi-Annual Channel,KB4566116,2020-08-20,18363.1049
Windows 10,Semi-Annual Channel,KB4565351,2020-08-11,18363.1016
Windows 10,Semi-Annual Channel,KB4559004,2020-07-21,18363.997
Windows 10,Semi-Annual Channel,KB4565483,2020-07-14,18363.959
Windows 10,Semi-Annual Channel,KB4567512,2020-06-16,18363.904
Windows 10,Semi-Annual Channel,KB4560960,2020-06-09,18363.900
Windows 10,Semi-Annual Channel,KB4556799,2020-05-12,18363.836
Windows 10,Semi-Annual Channel,KB4550945,2020-04-21,18363.815
Windows 10,Semi-Annual Channel,KB4549951,2020-04-14,18363.778
Windows 10,Semi-Annual Channel,KB4554364,2020-03-30,18363.753
Windows 10,Semi-Annual Channel,KB4541335,2020-03-24,18363.752
Windows 10,Semi-Annual Channel,KB4551762,2020-03-12,18363.720
Windows 10,Semi-Annual Channel,KB4540673,2020-03-10,18363.719
Windows 10,Semi-Annual Channel,KB4535996,2020-02-27,18363.693
Windows 10,Semi-Annual Channel,KB4532693,2020-02-11,18363.657
Windows 10,Semi-Annual Channel,KB4532695,2020-01-28,18363.628
Windows 10,Semi-Annual Channel,KB4528760,2020-01-14,18363.592
Windows 10,Semi-Annual Channel,KB4530684,2019-12-10,18363.535
Windows 10,Semi-Annual Channel,KB4524570,2019-11-12,18363.476
Windows 10,Semi-Annual Channel,KB4592449,2020-12-08,18362.1256
Windows 10,Semi-Annual Channel,KB4586819,2020-11-19,18362.1237
Windows 10,Semi-Annual Channel,KB4594443,2020-11-19,18362.1199
Windows 10,Semi-Annual Channel,KB4586786,2020-11-10,18362.1198
Windows 10,Semi-Annual Channel,KB4580386,2020-10-20,18362.1171
Windows 10,Semi-Annual Channel,KB4577671,2020-10-13,18362.1139
Windows 10,Semi-Annual Channel,KB4577062,2020-09-16,18362.1110
Windows 10,Semi-Annual Channel,KB4574727,2020-09-08,18362.1082
Windows 10,Semi-Annual Channel,KB4566116,2020-08-20,18362.1049
Windows 10,Semi-Annual Channel,KB4565351,2020-08-11,18362.1016
Windows 10,Semi-Annual Channel,KB4559004,2020-07-21,18362.997
Windows 10,Semi-Annual Channel,KB4565483,2020-07-14,18362.959
Windows 10,Semi-Annual Channel,KB4567512,2020-06-16,18362.904
Windows 10,Semi-Annual Channel,KB4560960,2020-06-09,18362.900
Windows 10,Semi-Annual Channel,KB4556799,2020-05-12,18362.836
Windows 10,Semi-Annual Channel,KB4550945,2020-04-21,18362.815
Windows 10,Semi-Annual Channel,KB4549951,2020-04-14,18362.778
Windows 10,Semi-Annual Channel,KB4554364,2020-03-30,18362.753
Windows 10,Semi-Annual Channel,KB4541335,2020-03-24,18362.752
Windows 10,Semi-Annual Channel,KB4551762,2020-03-12,18362.720
Windows 10,Semi-Annual Channel,KB4540673,2020-03-10,18362.719
Windows 10,Semi-Annual Channel,KB4535996,2020-02-27,18362.693
Windows 10,Semi-Annual Channel,KB4532693,2020-02-11,18362.657
Windows 10,Semi-Annual Channel,KB4532695,2020-01-28,18362.628
Windows 10,Semi-Annual Channel,KB4528760,2020-01-14,18362.592
Windows 10,Semi-Annual Channel,KB4530684,2019-12-10,18362.535
Windows 10,Semi-Annual Channel,KB4524570,2019-11-12,18362.476
Windows 10,Semi-Annual Channel,KB4522355,2019-10-24,18362.449
Windows 10,Semi-Annual Channel,KB4517389,2019-10-08,18362.418
Windows 10,Semi-Annual Channel,KB4524147,2019-10-03,18362.388
Windows 10,Semi-Annual Channel,KB4517211,2019-09-26,18362.387
Windows 10,Semi-Annual Channel,KB4522016,2019-09-23,18362.357
Windows 10,Semi-Annual Channel,KB4515384,2019-09-10,18362.356
Windows 10,Semi-Annual Channel,KB4512941,2019-08-30,18362.329
Windows 10,Semi-Annual Channel,KB4512508,2019-08-13,18362.295
Windows 10,Semi-Annual Channel,KB4505903,2019-07-26,18362.267
Windows 10,Semi-Annual Channel,KB4507453,2019-07-09,18362.239
Windows 10,Semi-Annual Channel,KB4501375,2019-06-27,18362.207
Windows 10,Semi-Annual Channel,KB4503293,2019-06-11,18362.175
Windows 10,Semi-Annual Channel,KB4497935,2019-05-29,18362.145
Windows 10,Semi-Annual Channel,KB4505057,2019-05-21,18362.116
Windows 10,LTSC,KB5073723,2026-01-13,17763.8276
Windows 10,LTSC,KB5074975,2025-12-18,17763.8148
Windows 10,LTSC,KB5071544,2025-12-09,17763.8146
Windows 10,LTSC,KB5068791,2025-11-11,17763.8027
Windows 10,LTSC,KB5070883,2025-10-23,17763.7922
Windows 10,LTSC,KB5066586,2025-10-14,17763.7919
Windows 10,LTSC,KB5065428,2025-09-09,17763.7792
Windows 10,LTSC,KB5066187,2025-08-19,17763.7683
Windows 10,LTSC,KB5063877,2025-08-12,17763.7678
Windows 10,LTSC,KB5062557,2025-07-08,17763.7558
Windows 10,LTSC,KB5060531,2025-06-10,17763.7434
Windows 10,LTSC,KB5061978,2025-05-27,17763.7322
Windows 10,LTSC,KB5058392,2025-05-13,17763.7314
Windows 10,LTSC,KB5059091,2025-04-16,17763.7249
Windows 10,LTSC,KB5058922,2025-04-11,17763.7240
Windows 10,LTSC,KB5055519,2025-04-08,17763.7136
Windows 10,LTSC,KB5053596,2025-03-11,17763.7009
Windows 10,LTSC,KB5052000,2025-02-11,17763.6893
Windows 10,LTSC,KB5050008,2025-01-14,17763.6775
Windows 10,LTSC,KB5048661,2024-12-10,17763.6659
Windows 10,LTSC,KB5046615,2024-11-12,17763.6532
Windows 10,LTSC,KB5044277,2024-10-08,17763.6414
Windows 10,LTSC,KB5043050,2024-09-10,17763.6293
Windows 10,LTSC,KB5041578,2024-08-13,17763.6189
Windows 10,LTSC,KB5040430,2024-07-09,17763.6054
Windows 10,LTSC,KB5039217,2024-06-11,17763.5936
Windows 10,LTSC,KB5039705,2024-05-23,17763.5830
Windows 10,LTSC,KB5037765,2024-05-14,17763.5820
Windows 10,LTSC,KB5036896,2024-04-09,17763.5696
Windows 10,LTSC,KB5037425,2024-03-25,17763.5579
Windows 10,LTSC,KB5035849,2024-03-12,17763.5576
Windows 10,LTSC,KB5034768,2024-02-13,17763.5458
Windows 10,LTSC,KB5034127,2024-01-09,17763.5329
Windows 10,LTSC,KB5033371,2023-12-12,17763.5206
Windows 10,LTSC,KB5032196,2023-11-14,17763.5122
Windows 10,LTSC,KB5031361,2023-10-10,17763.4974
Windows 10,LTSC,KB5030214,2023-09-12,17763.4851
Windows 10,LTSC,KB5029247,2023-08-08,17763.4737
Windows 10,LTSC,KB5028168,2023-07-11,17763.4645
Windows 10,LTSC,KB5027222,2023-06-13,17763.4499
Windows 10,LTSC,KB5026362,2023-05-09,17763.4377
Windows 10,LTSC,KB5025229,2023-04-11,17763.4252
Windows 10,LTSC,KB5023702,2023-03-14,17763.4131
Windows 10,LTSC,KB5022840,2023-02-14,17763.4010
Windows 10,LTSC,KB5022286,2023-01-10,17763.3887
Windows 10,LTSC,KB5022554,2022-12-20,17763.3772
Windows 10,LTSC,KB5021237,2022-12-13,17763.3770
Windows 10,LTSC,KB5021655,2022-11-17,17763.3653
Windows 10,LTSC,KB5019966,2022-11-08,17763.3650
Windows 10,LTSC,KB5020438,2022-10-17,17763.3534
Windows 10,LTSC,KB5018419,2022-10-11,17763.3532
Windows 10,LTSC,KB5017379,2022-09-20,17763.3469
Windows 10,LTSC,KB5017315,2022-09-13,17763.3406
Windows 10,LTSC,KB5016690,2022-08-23,17763.3346
Windows 10,LTSC,KB5016623,2022-08-09,17763.3287
Windows 10,LTSC,KB5015880,2022-07-21,17763.3232
Windows 10,LTSC,KB5015811,2022-07-12,17763.3165
Windows 10,LTSC,KB5014669,2022-06-23,17763.3113
Windows 10,LTSC,KB5014692,2022-06-14,17763.3046
Windows 10,LTSC,KB5014022,2022-05-24,17763.2989
Windows 10,LTSC,KB5015018,2022-05-19,17763.2931
Windows 10,LTSC,KB5013941,2022-05-10,17763.2928
Windows 10,LTSC,KB5012636,2022-04-21,17763.2867
Windows 10,LTSC,KB5012647,2022-04-12,17763.2803
Windows 10,LTSC,KB5011551,2022-03-22,17763.2746
Windows 10,LTSC,KB5011503,2022-03-08,17763.2686
Windows 10,LTSC,KB5010427,2022-02-15,17763.2628
Windows 10,LTSC,KB5010351,2022-02-08,17763.2565
Windows 10,LTSC,KB5009616,2022-01-25,17763.2510
Windows 10,LTSC,KB5010791,2022-01-18,17763.2458
Windows 10,LTSC,KB5009557,2022-01-11,17763.2452
Windows 10,LTSC,KB5010196,2022-01-04,17763.2369
Windows 10,LTSC,KB5008218,2021-12-14,17763.2366
Windows 10,LTSC,KB5007266,2021-11-22,17763.2330
Windows 10,LTSC,KB5008602,2021-11-14,17763.2305
Windows 10,LTSC,KB5007206,2021-11-09,17763.2300
Windows 10,LTSC,KB5006744,2021-10-19,17763.2268
Windows 10,LTSC,KB5006672,2021-10-12,17763.2237
Windows 10,LTSC,KB5005625,2021-09-21,17763.2213
Windows 10,LTSC,KB5005568,2021-09-14,17763.2183
Windows 10,LTSC,KB5005102,2021-08-26,17763.2145
Windows 10,LTSC,KB5005030,2021-08-10,17763.2114
Windows 10,LTSC,KB5005394,2021-07-27,17763.2091
Windows 10,LTSC,KB5004308,2021-07-20,17763.2090
Windows 10,LTSC,KB5004244,2021-07-13,17763.2061
Windows 10,LTSC,KB5004947,2021-07-06,17763.2029
Windows 10,LTSC,KB5003703,2021-06-15,17763.2028
Windows 10,LTSC,KB5003646,2021-06-08,17763.1999
Windows 10,LTSC,KB5003217,2021-05-20,17763.1971
Windows 10,Semi-Annual Channel  •  Semi-Annual Channel (Targeted)  •  LTSC,KB5003171,2021-05-11,17763.1935
Windows 10,Semi-Annual Channel  •  Semi-Annual Channel (Targeted)  •  LTSC,KB5001384,2021-04-22,17763.1911
Windows 10,Semi-Annual Channel  •  Semi-Annual Channel (Targeted)  •  LTSC,KB5001342,2021-04-13,17763.1879
Windows 10,Semi-Annual Channel  •  Semi-Annual Channel (Targeted)  •  LTSC,KB5000854,2021-03-25,17763.1852
Windows 10,Semi-Annual Channel  •  Semi-Annual Channel (Targeted)  •  LTSC,KB5001638,2021-03-18,17763.1823
Windows 10,Semi-Annual Channel  •  Semi-Annual Channel (Targeted)  •  LTSC,KB5001568,2021-03-15,17763.1821
Windows 10,Semi-Annual Channel  •  Semi-Annual Channel (Targeted)  •  LTSC,KB5000822,2021-03-09,17763.1817
Windows 10,Semi-Annual Channel  •  Semi-Annual Channel (Targeted)  •  LTSC,KB4601383,2021-02-16,17763.1790
Windows 10,Semi-Annual Channel  •  Semi-Annual Channel (Targeted)  •  LTSC,KB4601345,2021-02-09,17763.1757
Windows 10,Semi-Annual Channel  •  Semi-Annual Channel (Targeted)  •  LTSC,KB4598296,2021-01-21,17763.1728
Windows 10,Semi-Annual Channel  •  Semi-Annual Channel (Targeted)  •  LTSC,KB4598230,2021-01-12,17763.1697
Windows 10,Semi-Annual Channel  •  Semi-Annual Channel (Targeted)  •  LTSC,KB4592440,2020-12-08,17763.1637
Windows 10,Semi-Annual Channel  •  Semi-Annual Channel (Targeted)  •  LTSC,KB4586839,2020-11-19,17763.1613
Windows 10,Semi-Annual Channel  •  Semi-Annual Channel (Targeted)  •  LTSC,KB4594442,2020-11-17,17763.1579
Windows 10,Semi-Annual Channel  •  Semi-Annual Channel (Targeted)  •  LTSC,KB4586793,2020-11-10,17763.1577
Windows 10,Semi-Annual Channel  •  Semi-Annual Channel (Targeted)  •  LTSC,KB4580390,2020-10-20,17763.1554
Windows 10,Semi-Annual Channel  •  Semi-Annual Channel (Targeted)  •  LTSC,KB4577668,2020-10-13,17763.1518
Windows 10,Semi-Annual Channel  •  Semi-Annual Channel (Targeted)  •  LTSC,KB4577069,2020-09-16,17763.1490
Windows 10,Semi-Annual Channel  •  Semi-Annual Channel (Targeted)  •  LTSC,KB4570333,2020-09-08,17763.1457
Windows 10,Semi-Annual Channel  •  Semi-Annual Channel (Targeted)  •  LTSC,KB4571748,2020-08-20,17763.1432
Windows 10,Semi-Annual Channel  •  Semi-Annual Channel (Targeted)  •  LTSC,KB4565349,2020-08-11,17763.1397
Windows 10,Semi-Annual Channel  •  Semi-Annual Channel (Targeted)  •  LTSC,KB4559003,2020-07-21,17763.1369
Windows 10,Semi-Annual Channel  •  Semi-Annual Channel (Targeted)  •  LTSC,KB4558998,2020-07-14,17763.1339
Windows 10,Semi-Annual Channel  •  Semi-Annual Channel (Targeted)  •  LTSC,KB4567513,2020-06-16,17763.1294
Windows 10,Semi-Annual Channel  •  Semi-Annual Channel (Targeted)  •  LTSC,KB4561608,2020-06-09,17763.1282
Windows 10,Semi-Annual Channel  •  Semi-Annual Channel (Targeted)  •  LTSC,KB4551853,2020-05-12,17763.1217
Windows 10,Semi-Annual Channel  •  Semi-Annual Channel (Targeted)  •  LTSC,KB4550969,2020-04-21,17763.1192
Windows 10,Semi-Annual Channel  •  Semi-Annual Channel (Targeted)  •  LTSC,KB4549949,2020-04-14,17763.1158
Windows 10,Semi-Annual Channel  •  Semi-Annual Channel (Targeted)  •  LTSC,KB4554354,2020-03-30,17763.1132
Windows 10,Semi-Annual Channel  •  Semi-Annual Channel (Targeted)  •  LTSC,KB4541331,2020-03-17,17763.1131
Windows 10,Semi-Annual Channel  •  Semi-Annual Channel (Targeted)  •  LTSC,KB4538461,2020-03-10,17763.1098
Windows 10,Semi-Annual Channel  •  Semi-Annual Channel (Targeted)  •  LTSC,KB4537818,2020-02-25,17763.1075
Windows 10,Semi-Annual Channel  •  Semi-Annual Channel (Targeted)  •  LTSC,KB4532691,2020-02-11,17763.1039
Windows 10,Semi-Annual Channel  •  Semi-Annual Channel (Targeted)  •  LTSC,KB4534321,2020-01-23,17763.1012
Windows 10,Semi-Annual Channel  •  Semi-Annual Channel (Targeted)  •  LTSC,KB4534273,2020-01-14,17763.973
Windows 10,Semi-Annual Channel  •  Semi-Annual Channel (Targeted)  •  LTSC,KB4530715,2019-12-10,17763.914
Windows 10,Semi-Annual Channel  •  Semi-Annual Channel (Targeted)  •  LTSC,KB4523205,2019-11-12,17763.864
Windows 10,Semi-Annual Channel  •  Semi-Annual Channel (Targeted)  •  LTSC,KB4520062,2019-10-15,17763.832
Windows 10,Semi-Annual Channel  •  Semi-Annual Channel (Targeted)  •  LTSC,KB4519338,2019-10-08,17763.805
Windows 10,Semi-Annual Channel  •  Semi-Annual Channel (Targeted)  •  LTSC,KB4524148,2019-10-03,17763.775
Windows 10,Semi-Annual Channel  •  Semi-Annual Channel (Targeted)  •  LTSC,KB4516077,2019-09-24,17763.774
Windows 10,Semi-Annual Channel  •  Semi-Annual Channel (Targeted)  •  LTSC,KB4522015,2019-09-23,17763.740
Windows 10,Semi-Annual Channel  •  Semi-Annual Channel (Targeted)  •  LTSC,KB4512578,2019-09-10,17763.737
Windows 10,Semi-Annual Channel  •  Semi-Annual Channel (Targeted)  •  LTSC,KB4512534,2019-08-17,17763.720
Windows 10,Semi-Annual Channel  •  Semi-Annual Channel (Targeted)  •  LTSC,KB4511553,2019-08-13,17763.678
Windows 10,Semi-Annual Channel  •  Semi-Annual Channel (Targeted)  •  LTSC,KB4505658,2019-07-22,17763.652
Windows 10,Semi-Annual Channel  •  Semi-Annual Channel (Targeted)  •  LTSC,KB4507469,2019-07-09,17763.615
Windows 10,Semi-Annual Channel  •  Semi-Annual Channel (Targeted)  •  LTSC,KB4509479,2019-06-26,17763.593
Windows 10,Semi-Annual Channel  •  Semi-Annual Channel (Targeted)  •  LTSC,KB4501371,2019-06-18,17763.592
Windows 10,Semi-Annual Channel  •  Semi-Annual Channel (Targeted)  •  LTSC,KB4503327,2019-06-11,17763.557
Windows 10,Semi-Annual Channel  •  Semi-Annual Channel (Targeted)  •  LTSC,KB4497934,2019-05-21,17763.529
Windows 10,Semi-Annual Channel  •  Semi-Annual Channel (Targeted)  •  LTSC,KB4505056,2019-05-19,17763.504
Windows 10,Semi-Annual Channel  •  Semi-Annual Channel (Targeted)  •  LTSC,KB4494441,2019-05-14,17763.503
Windows 10,Semi-Annual Channel  •  Semi-Annual Channel (Targeted)  •  LTSC,KB4495667,2019-05-03,17763.475
Windows 10,Semi-Annual Channel  •  Semi-Annual Channel (Targeted)  •  LTSC,KB4501835,2019-05-01,17763.439
Windows 10,Semi-Annual Channel  •  Semi-Annual Channel (Targeted)  •  LTSC,KB4493509,2019-04-09,17763.437
Windows 10,Semi-Annual Channel  •  Semi-Annual Channel (Targeted)  •  LTSC,KB4490481,2019-04-02,17763.404
Windows 10,Semi-Annual Channel  •  Semi-Annual Channel (Targeted)  •  LTSC,KB4489899,2019-03-12,17763.379
Windows 10,Semi-Annual Channel (Targeted)  •  LTSC,KB4482887,2019-03-01,17763.348
Windows 10,Semi-Annual Channel (Targeted)  •  LTSC,KB4487044,2019-02-12,17763.316
Windows 10,Semi-Annual Channel (Targeted)  •  LTSC,KB4476976,2019-01-22,17763.292
Windows 10,Semi-Annual Channel (Targeted)  •  LTSC,KB4480116,2019-01-08,17763.253
Windows 10,Semi-Annual Channel (Targeted)  •  LTSC,KB4483235,2018-12-19,17763.195
Windows 10,Semi-Annual Channel (Targeted)  •  LTSC,KB4471332,2018-12-11,17763.194
Windows 10,Semi-Annual Channel (Targeted)  •  LTSC,KB4469342,2018-12-05,17763.168
Windows 10,Semi-Annual Channel (Targeted)  •  LTSC,KB4467708,2018-11-13,17763.134
Windows 10,Semi-Annual Channel (Targeted)  •  LTSC,KB4464455,2018-11-13,17763.107
Windows 10,Semi-Annual Channel (Targeted)  •  LTSC,KB4464330,2018-10-09,17763.55
Windows 10,Semi-Annual Channel (Targeted)  •  LTSC,,2018-10-02,17763.1
Windows 10,Semi-Annual Channel  •  Semi-Annual Channel (Targeted),KB5003174,2021-05-11,17134.2208
Windows 10,Semi-Annual Channel  •  Semi-Annual Channel (Targeted),KB5001339,2021-04-13,17134.2145
Windows 10,Semi-Annual Channel  •  Semi-Annual Channel (Targeted),KB5001634,2021-03-18,17134.2090
Windows 10,Semi-Annual Channel  •  Semi-Annual Channel (Targeted),KB5001565,2021-03-15,17134.2088
Windows 10,Semi-Annual Channel  •  Semi-Annual Channel (Targeted),KB5000809,2021-03-09,17134.2087
Windows 10,Semi-Annual Channel  •  Semi-Annual Channel (Targeted),KB4601354,2021-02-09,17134.2026
Windows 10,Semi-Annual Channel  •  Semi-Annual Channel (Targeted),KB4598245,2021-01-12,17134.1967
Windows 10,Semi-Annual Channel  •  Semi-Annual Channel (Targeted),KB4592446,2020-12-08,17134.1902
Windows 10,Semi-Annual Channel  •  Semi-Annual Channel (Targeted),KB4586785,2020-11-10,17134.1845
Windows 10,Semi-Annual Channel  •  Semi-Annual Channel (Targeted),KB4580330,2020-10-13,17134.1792
Windows 10,Semi-Annual Channel  •  Semi-Annual Channel (Targeted),KB4577032,2020-09-08,17134.1726
Windows 10,Semi-Annual Channel  •  Semi-Annual Channel (Targeted),KB4571709,2020-08-11,17134.1667
Windows 10,Semi-Annual Channel  •  Semi-Annual Channel (Targeted),KB4565489,2020-07-14,17134.1610
Windows 10,Semi-Annual Channel  •  Semi-Annual Channel (Targeted),KB4567514,2020-06-16,17134.1553
Windows 10,Semi-Annual Channel  •  Semi-Annual Channel (Targeted),KB4561621,2020-06-09,17134.1550
Windows 10,Semi-Annual Channel  •  Semi-Annual Channel (Targeted),KB4556807,2020-05-12,17134.1488
Windows 10,Semi-Annual Channel  •  Semi-Annual Channel (Targeted),KB4550944,2020-04-21,17134.1456
Windows 10,Semi-Annual Channel  •  Semi-Annual Channel (Targeted),KB4550922,2020-04-14,17134.1425
Windows 10,Semi-Annual Channel  •  Semi-Annual Channel (Targeted),KB4554349,2020-03-30,17134.1401
Windows 10,Semi-Annual Channel  •  Semi-Annual Channel (Targeted),KB4541333,2020-03-17,17134.1399
Windows 10,Semi-Annual Channel  •  Semi-Annual Channel (Targeted),KB4540689,2020-03-10,17134.1365
Windows 10,Semi-Annual Channel  •  Semi-Annual Channel (Targeted),KB4537795,2020-02-25,17134.1345
Windows 10,Semi-Annual Channel  •  Semi-Annual Channel (Targeted),KB4537762,2020-02-11,17134.1304
Windows 10,Semi-Annual Channel  •  Semi-Annual Channel (Targeted),KB4534308,2020-01-23,17134.1276
Windows 10,Semi-Annual Channel  •  Semi-Annual Channel (Targeted),KB4534293,2020-01-14,17134.1246
Windows 10,Semi-Annual Channel  •  Semi-Annual Channel (Targeted),KB4530717,2019-12-10,17134.1184
Windows 10,Semi-Annual Channel  •  Semi-Annual Channel (Targeted),KB4525237,2019-11-12,17134.1130
Windows 10,Semi-Annual Channel  •  Semi-Annual Channel (Targeted),KB4519978,2019-10-15,17134.1099
Windows 10,Semi-Annual Channel  •  Semi-Annual Channel (Targeted),KB4520008,2019-10-08,17134.1069
Windows 10,Semi-Annual Channel  •  Semi-Annual Channel (Targeted),KB4524149,2019-10-03,17134.1040
Windows 10,Semi-Annual Channel  •  Semi-Annual Channel (Targeted),KB4516045,2019-09-24,17134.1039
Windows 10,Semi-Annual Channel  •  Semi-Annual Channel (Targeted),KB4522014,2019-09-23,17134.1009
Windows 10,Semi-Annual Channel  •  Semi-Annual Channel (Targeted),KB4516058,2019-09-10,17134.1006
Windows 10,Semi-Annual Channel  •  Semi-Annual Channel (Targeted),KB4512509,2019-08-19,17134.984
Windows 10,Semi-Annual Channel  •  Semi-Annual Channel (Targeted),KB4512501,2019-08-13,17134.950
Windows 10,Semi-Annual Channel  •  Semi-Annual Channel (Targeted),KB4507466,2019-07-16,17134.915
Windows 10,Semi-Annual Channel  •  Semi-Annual Channel (Targeted),KB4507435,2019-07-09,17134.885
Windows 10,Semi-Annual Channel  •  Semi-Annual Channel (Targeted),KB4509478,2019-06-26,17134.860
Windows 10,Semi-Annual Channel  •  Semi-Annual Channel (Targeted),KB4503288,2019-06-18,17134.858
Windows 10,Semi-Annual Channel  •  Semi-Annual Channel (Targeted),KB4503286,2019-06-11,17134.829
Windows 10,Semi-Annual Channel  •  Semi-Annual Channel (Targeted),KB4499183,2019-05-21,17134.799
Windows 10,Semi-Annual Channel  •  Semi-Annual Channel (Targeted),KB4505064,2019-05-19,17134.766
Windows 10,Semi-Annual Channel  •  Semi-Annual Channel (Targeted),KB4499167,2019-05-14,17134.765
Windows 10,Semi-Annual Channel  •  Semi-Annual Channel (Targeted),KB4493437,2019-04-25,17134.753
Windows 10,Semi-Annual Channel  •  Semi-Annual Channel (Targeted),KB4493464,2019-04-09,17134.706
Windows 10,Semi-Annual Channel  •  Semi-Annual Channel (Targeted),KB4489894,2019-03-19,17134.677
Windows 10,Semi-Annual Channel  •  Semi-Annual Channel (Targeted),KB4489868,2019-03-12,17134.648
Windows 10,Semi-Annual Channel  •  Semi-Annual Channel (Targeted),KB4487029,2019-02-19,17134.619
Windows 10,Semi-Annual Channel  •  Semi-Annual Channel (Targeted),KB4487017,2019-02-12,17134.590
Windows 10,Semi-Annual Channel  •  Semi-Annual Channel (Targeted),KB4480976,2019-01-15,17134.556
Windows 10,Semi-Annual Channel  •  Semi-Annual Channel (Targeted),KB4480966,2019-01-08,17134.523
Windows 10,Semi-Annual Channel  •  Semi-Annual Channel (Targeted),KB4483234,2018-12-19,17134.472
Windows 10,Semi-Annual Channel  •  Semi-Annual Channel (Targeted),KB4471324,2018-12-11,17134.471
Windows 10,Semi-Annual Channel  •  Semi-Annual Channel (Targeted),KB4467682,2018-11-27,17134.441
Windows 10,Semi-Annual Channel  •  Semi-Annual Channel (Targeted),KB4467702,2018-11-13,17134.407
Windows 10,Semi-Annual Channel  •  Semi-Annual Channel (Targeted),KB4462933,2018-10-24,17134.376
Windows 10,Semi-Annual Channel  •  Semi-Annual Channel (Targeted),KB4462919,2018-10-09,17134.345
Windows 10,Semi-Annual Channel  •  Semi-Annual Channel (Targeted),KB4458469,2018-09-26,17134.320
Windows 10,Semi-Annual Channel  •  Semi-Annual Channel (Targeted),KB4464218,2018-09-17,17134.286
Windows 10,Semi-Annual Channel  •  Semi-Annual Channel (Targeted),KB4457128,2018-09-11,17134.285
Windows 10,Semi-Annual Channel  •  Semi-Annual Channel (Targeted),KB4346783,2018-08-30,17134.254
Windows 10,Semi-Annual Channel  •  Semi-Annual Channel (Targeted),KB4343909,2018-08-14,17134.228
Windows 10,Semi-Annual Channel  •  Semi-Annual Channel (Targeted),KB4340917,2018-07-24,17134.191
Windows 10,Semi-Annual Channel  •  Semi-Annual Channel (Targeted),KB4345421,2018-07-16,17134.167
Windows 10,Semi-Annual Channel  •  Semi-Annual Channel (Targeted),KB4338819,2018-07-10,17134.165
Windows 10,Semi-Annual Channel (Targeted),KB4284848,2018-06-26,17134.137
Windows 10,Semi-Annual Channel (Targeted),KB4284835,2018-06-12,17134.112
Windows 10,Semi-Annual Channel (Targeted),KB4338548,2018-06-05,17134.83
Windows 10,Semi-Annual Channel (Targeted),KB4100403,2018-05-23,17134.81
Windows 10,Semi-Annual Channel (Targeted),KB4103721,2018-05-08,17134.48
Windows 10,Semi-Annual Channel  •  Semi-Annual Channel (Targeted),KB4580328,2020-10-13,16299.2166
Windows 10,Semi-Annual Channel  •  Semi-Annual Channel (Targeted),KB4577041,2020-09-08,16299.2107
Windows 10,Semi-Annual Channel  •  Semi-Annual Channel (Targeted),KB4571741,2020-08-11,16299.2045
Windows 10,Semi-Annual Channel  •  Semi-Annual Channel (Targeted),KB4565508,2020-07-14,16299.1992
Windows 10,Semi-Annual Channel  •  Semi-Annual Channel (Targeted),KB4567515,2020-06-18,16299.1937
Windows 10,Semi-Annual Channel  •  Semi-Annual Channel (Targeted),KB4561602,2020-06-09,16299.1932
Windows 10,Semi-Annual Channel  •  Semi-Annual Channel (Targeted),KB4556812,2020-05-12,16299.1868
Windows 10,Semi-Annual Channel  •  Semi-Annual Channel (Targeted),KB4550927,2020-04-14,16299.1806
Windows 10,Semi-Annual Channel  •  Semi-Annual Channel (Targeted),KB4554342,2020-03-30,16299.1776
Windows 10,Semi-Annual Channel  •  Semi-Annual Channel (Targeted),KB4541330,2020-03-17,16299.1775
Windows 10,Semi-Annual Channel  •  Semi-Annual Channel (Targeted),KB4540681,2020-03-10,16299.1747
Windows 10,Semi-Annual Channel  •  Semi-Annual Channel (Targeted),KB4537816,2020-02-25,16299.1717
Windows 10,Semi-Annual Channel  •  Semi-Annual Channel (Targeted),KB4537789,2020-02-11,16299.1686
Windows 10,Semi-Annual Channel  •  Semi-Annual Channel (Targeted),KB4534318,2020-01-23,16299.1654
Windows 10,Semi-Annual Channel  •  Semi-Annual Channel (Targeted),KB4534276,2020-01-14,16299.1625
Windows 10,Semi-Annual Channel  •  Semi-Annual Channel (Targeted),KB4530714,2019-12-10,16299.1565
Windows 10,Semi-Annual Channel  •  Semi-Annual Channel (Targeted),KB4525241,2019-11-12,16299.1508
Windows 10,Semi-Annual Channel  •  Semi-Annual Channel (Targeted),KB4520006,2019-10-15,16299.1481
Windows 10,Semi-Annual Channel  •  Semi-Annual Channel (Targeted),KB4520004,2019-10-08,16299.1451
Windows 10,Semi-Annual Channel  •  Semi-Annual Channel (Targeted),KB4524150,2019-10-03,16299.1421
Windows 10,Semi-Annual Channel  •  Semi-Annual Channel (Targeted),KB4516071,2019-09-24,16299.1420
Windows 10,Semi-Annual Channel  •  Semi-Annual Channel (Targeted),KB4522012,2019-09-23,16299.1392
Windows 10,Semi-Annual Channel  •  Semi-Annual Channel (Targeted),KB4516066,2019-09-10,16299.1387
Windows 10,Semi-Annual Channel  •  Semi-Annual Channel (Targeted),KB4512494,2019-08-16,16299.1365
Windows 10,Semi-Annual Channel  •  Semi-Annual Channel (Targeted),KB4512516,2019-08-13,16299.1331
Windows 10,Semi-Annual Channel  •  Semi-Annual Channel (Targeted),KB4507465,2019-07-16,16299.1296
Windows 10,Semi-Annual Channel  •  Semi-Annual Channel (Targeted),KB4507455,2019-07-09,16299.1268
Windows 10,Semi-Annual Channel  •  Semi-Annual Channel (Targeted),KB4509477,2019-06-26,16299.1239
Windows 10,Semi-Annual Channel  •  Semi-Annual Channel (Targeted),KB4503281,2019-06-18,16299.1237
Windows 10,Semi-Annual Channel  •  Semi-Annual Channel (Targeted),KB4503284,2019-06-11,16299.1217
Windows 10,Semi-Annual Channel  •  Semi-Annual Channel (Targeted),KB4499147,2019-05-28,16299.1182
Windows 10,Semi-Annual Channel  •  Semi-Annual Channel (Targeted),KB4505062,2019-05-19,16299.1150
Windows 10,Semi-Annual Channel  •  Semi-Annual Channel (Targeted),KB4499179,2019-05-14,16299.1146
Windows 10,Semi-Annual Channel  •  Semi-Annual Channel (Targeted),KB4493440,2019-04-25,16299.1127
Windows 10,Semi-Annual Channel  •  Semi-Annual Channel (Targeted),KB4493441,2019-04-09,16299.1087
Windows 10,Semi-Annual Channel  •  Semi-Annual Channel (Targeted),KB4489890,2019-03-19,16299.1059
Windows 10,Semi-Annual Channel  •  Semi-Annual Channel (Targeted),KB4489886,2019-03-12,16299.1029
Windows 10,Semi-Annual Channel  •  Semi-Annual Channel (Targeted),KB4487021,2019-02-19,16299.1004
Windows 10,Semi-Annual Channel  •  Semi-Annual Channel (Targeted),KB4486996,2019-02-12,16299.967
Windows 10,Semi-Annual Channel  •  Semi-Annual Channel (Targeted),KB4480967,2019-01-15,16299.936
Windows 10,Semi-Annual Channel  •  Semi-Annual Channel (Targeted),KB4480978,2019-01-08,16299.904
Windows 10,Semi-Annual Channel  •  Semi-Annual Channel (Targeted),KB4483232,2018-12-19,16299.847
Windows 10,Semi-Annual Channel  •  Semi-Annual Channel (Targeted),KB4471329,2018-12-11,16299.846
Windows 10,Semi-Annual Channel  •  Semi-Annual Channel (Targeted),KB4467681,2018-11-27,16299.820
Windows 10,Semi-Annual Channel  •  Semi-Annual Channel (Targeted),KB4467686,2018-11-13,16299.785
Windows 10,Semi-Annual Channel  •  Semi-Annual Channel (Targeted),KB4462932,2018-10-18,16299.755
Windows 10,Semi-Annual Channel  •  Semi-Annual Channel (Targeted),KB4462918,2018-10-09,16299.726
Windows 10,Semi-Annual Channel  •  Semi-Annual Channel (Targeted),KB4457136,2018-09-26,16299.699
Windows 10,Semi-Annual Channel  •  Semi-Annual Channel (Targeted),KB4464217,2018-09-17,16299.666
Windows 10,Semi-Annual Channel  •  Semi-Annual Channel (Targeted),KB4457142,2018-09-11,16299.665
Windows 10,Semi-Annual Channel  •  Semi-Annual Channel (Targeted),KB4343893,2018-08-30,16299.637
Windows 10,Semi-Annual Channel  •  Semi-Annual Channel (Targeted),KB4343897,2018-08-14,16299.611
Windows 10,Semi-Annual Channel  •  Semi-Annual Channel (Targeted),KB4338817,2018-07-24,16299.579
Windows 10,Semi-Annual Channel  •  Semi-Annual Channel (Targeted),KB4345420,2018-07-16,16299.551
Windows 10,Semi-Annual Channel  •  Semi-Annual Channel (Targeted),KB4338825,2018-07-10,16299.547
Windows 10,Semi-Annual Channel  •  Semi-Annual Channel (Targeted),KB4284822,2018-06-21,16299.522
Windows 10,Semi-Annual Channel  •  Semi-Annual Channel (Targeted),KB4284819,2018-06-12,16299.492
Windows 10,Semi-Annual Channel  •  Semi-Annual Channel (Targeted),KB4103714,2018-05-21,16299.461
Windows 10,Semi-Annual Channel  •  Semi-Annual Channel (Targeted),KB4103727,2018-05-08,16299.431
Windows 10,Semi-Annual Channel  •  Semi-Annual Channel (Targeted),KB4093105,2018-04-23,16299.402
Windows 10,Semi-Annual Channel  •  Semi-Annual Channel (Targeted),KB4093112,2018-04-10,16299.371
Windows 10,Semi-Annual Channel  •  Semi-Annual Channel (Targeted),KB4089848,2018-03-22,16299.334
Windows 10,Semi-Annual Channel  •  Semi-Annual Channel (Targeted),KB4088776,2018-03-13,16299.309
Windows 10,Semi-Annual Channel  •  Semi-Annual Channel (Targeted),KB4090913,2018-03-05,16299.251
Windows 10,Semi-Annual Channel  •  Semi-Annual Channel (Targeted),KB4074588,2018-02-13,16299.248
Windows 10,Semi-Annual Channel  •  Semi-Annual Channel (Targeted),KB4058258,2018-01-31,16299.214
Windows 10,Semi-Annual Channel  •  Semi-Annual Channel (Targeted),KB4073291,2018-01-18,16299.201
Windows 10,Semi-Annual Channel  •  Semi-Annual Channel (Targeted),KB4073290,2018-01-17,16299.194
Windows 10,Semi-Annual Channel  •  Semi-Annual Channel (Targeted),KB4056892,2018-01-03,16299.192
Windows 10,Semi-Annual Channel  •  Semi-Annual Channel (Targeted),KB4054517,2017-12-12,16299.125
Windows 10,Semi-Annual Channel (Targeted),KB4051963,2017-11-30,16299.98
Windows 10,Semi-Annual Channel (Targeted),KB4048955,2017-11-14,16299.64
Windows 10,Semi-Annual Channel (Targeted),KB4043961,2017-10-17,16299.19
Windows 10,Semi-Annual Channel  •  CB,KB4520010,2019-10-08,15063.2108
Windows 10,Semi-Annual Channel  •  CB,KB4524151,2019-10-03,15063.2079
Windows 10,Semi-Annual Channel  •  CB,KB4516059,2019-09-24,15063.2078
Windows 10,Semi-Annual Channel  •  CB,KB4522011,2019-09-23,15063.2046
Windows 10,Semi-Annual Channel  •  CB,KB4516068,2019-09-10,15063.2045
Windows 10,Semi-Annual Channel  •  CB,KB4512474,2019-08-17,15063.2021
Windows 10,Semi-Annual Channel  •  CB,KB4512507,2019-08-13,15063.1988
Windows 10,Semi-Annual Channel  •  CB,KB4507467,2019-07-16,15063.1955
Windows 10,Semi-Annual Channel  •  CB,KB4507450,2019-07-09,15063.1928
Windows 10,Semi-Annual Channel  •  CB,KB4509476,2019-06-26,15063.1898
Windows 10,Semi-Annual Channel  •  CB,KB4503289,2019-06-18,15063.1897
Windows 10,Semi-Annual Channel  •  CB,KB4503279,2019-06-11,15063.1868
Windows 10,Semi-Annual Channel  •  CB,KB4499162,2019-05-28,15063.1839
Windows 10,Semi-Annual Channel  •  CB,KB4505055,2019-05-19,15063.1808
Windows 10,Semi-Annual Channel  •  CB,KB4499181,2019-05-14,15063.1805
Windows 10,Semi-Annual Channel  •  CB,KB4502112,2019-05-02,15063.1785
Windows 10,Semi-Annual Channel  •  CB,KB4493436,2019-04-25,15063.1784
Windows 10,Semi-Annual Channel  •  CB,KB4493474,2019-04-09,15063.1746
Windows 10,Semi-Annual Channel  •  CB,KB4489888,2019-03-19,15063.1716
Windows 10,Semi-Annual Channel  •  CB,KB4489871,2019-03-12,15063.1689
Windows 10,Semi-Annual Channel  •  CB,KB4487011,2019-02-19,15063.1659
Windows 10,Semi-Annual Channel  •  CB,KB4487020,2019-02-12,15063.1631
Windows 10,Semi-Annual Channel  •  CB,KB4480959,2019-01-15,15063.1596
Windows 10,Semi-Annual Channel  •  CB,KB4480973,2019-01-08,15063.1563
Windows 10,Semi-Annual Channel  •  CB,KB4483230,2018-12-19,15063.1508
Windows 10,Semi-Annual Channel  •  CB,KB4471327,2018-12-11,15063.1506
Windows 10,Semi-Annual Channel  •  CB,KB4467699,2018-11-27,15063.1478
Windows 10,Semi-Annual Channel  •  CB,KB4467696,2018-11-13,15063.1446
Windows 10,Semi-Annual Channel  •  CB,KB4462939,2018-10-18,15063.1418
Windows 10,Semi-Annual Channel  •  CB,KB4462937,2018-10-09,15063.1387
Windows 10,Semi-Annual Channel  •  CB,KB4457141,2018-09-20,15063.1356
Windows 10,Semi-Annual Channel  •  CB,KB4457138,2018-09-11,15063.1324
Windows 10,Semi-Annual Channel  •  CB,KB4343889,2018-08-30,15063.1292
Windows 10,Semi-Annual Channel  •  CB,KB4343885,2018-08-14,15063.1266
Windows 10,Semi-Annual Channel  •  CB,KB4338827,2018-07-24,15063.1235
Windows 10,Semi-Annual Channel  •  CB,KB4345419,2018-07-16,15063.1209
Windows 10,Semi-Annual Channel  •  CB,KB4338826,2018-07-10,15063.1206
Windows 10,Semi-Annual Channel  •  CB,KB4284830,2018-06-21,15063.1182
Windows 10,Semi-Annual Channel  •  CB,KB4284874,2018-06-12,15063.1155
Windows 10,Semi-Annual Channel  •  CB,KB4103722,2018-05-17,15063.1112
Windows 10,Semi-Annual Channel  •  CB,KB4103731,2018-05-08,15063.1088
Windows 10,Semi-Annual Channel  •  CB,KB4093117,2018-04-17,15063.1058
Windows 10,Semi-Annual Channel  •  CB,KB4093107,2018-04-10,15063.1029
Windows 10,Semi-Annual Channel  •  CB,KB4088891,2018-03-22,15063.994
Windows 10,Semi-Annual Channel  •  CB,KB4088782,2018-03-13,15063.966
Windows 10,Semi-Annual Channel  •  CB,KB4092077,2018-03-08,15063.936
Windows 10,Semi-Annual Channel  •  CB,KB4077528,2018-02-22,15063.936
Windows 10,Semi-Annual Channel  •  CB,KB4074592,2018-02-13,15063.909
Windows 10,Semi-Annual Channel  •  CB,KB4057144,2018-01-17,15063.877
Windows 10,Semi-Annual Channel  •  CB,KB4056891,2018-01-03,15063.850
Windows 10,Semi-Annual Channel  •  CB,KB4053580,2017-12-12,15063.786
Windows 10,Semi-Annual Channel  •  CB,KB4055254,2017-11-22,15063.729
Windows 10,Semi-Annual Channel  •  CB,KB4048954,2017-11-14,15063.726
Windows 10,Semi-Annual Channel  •  CB,KB4049370,2017-11-02,15063.675
Windows 10,Semi-Annual Channel  •  CB,KB4041676,2017-10-10,15063.674
Windows 10,Semi-Annual Channel  •  CB,KB4040724,2017-09-25,15063.632
Windows 10,Semi-Annual Channel  •  CB,KB4038788,2017-09-12,15063.608
Windows 10,Semi-Annual Channel  •  CB,KB4034674,2017-08-08,15063.540
Windows 10,Semi-Annual Channel  •  CB,KB4032188,2017-08-01,15063.502
Windows 10,Semi-Annual Channel  •  CB,KB4025342,2017-07-11,15063.483
Windows 10,CB,KB4022716,2017-06-27,15063.447
Windows 10,CB,KB4022725,2017-06-13,15063.413
Windows 10,CB,KB4020102,2017-05-26,15063.332
Windows 10,CB,KB4016871,2017-05-09,15063.296
Windows 10,CB,KB4016240,2017-04-25,15063.250
Windows 10,CB,KB4015583,2017-04-11,15063.138
Windows 10,CBB  •  CB  •  LTSB,KB5073722,2026-01-13,14393.8783
Windows 10,CBB  •  CB  •  LTSB,KB5074974,2025-12-18,14393.8692
Windows 10,CBB  •  CB  •  LTSB,KB5071543,2025-12-09,14393.8688
Windows 10,CBB  •  CB  •  LTSB,KB5068864,2025-11-11,14393.8594
Windows 10,CBB  •  CB  •  LTSB,KB5070882,2025-10-23,14393.8524
Windows 10,CBB  •  CB  •  LTSB,KB5066836,2025-10-14,14393.8519
Windows 10,CBB  •  CB  •  LTSB,KB5065427,2025-09-09,14393.8422
Windows 10,CBB  •  CB  •  LTSB,KB5063871,2025-08-12,14393.8330
Windows 10,CBB  •  CB  •  LTSB,KB5062560,2025-07-08,14393.8246
Windows 10,CBB  •  CB  •  LTSB,KB5061010,2025-06-10,14393.8148
Windows 10,CBB  •  CB  •  LTSB,KB5058383,2025-05-13,14393.8066
Windows 10,CBB  •  CB  •  LTSB,KB5058921,2025-04-11,14393.7973
Windows 10,CBB  •  CB  •  LTSB,KB5055521,2025-04-08,14393.7969
Windows 10,CBB  •  CB  •  LTSB,KB5053594,2025-03-11,14393.7876
Windows 10,CBB  •  CB  •  LTSB,KB5052006,2025-02-11,14393.7785
Windows 10,CBB  •  CB  •  LTSB,KB5049993,2025-01-14,14393.7699
Windows 10,CBB  •  CB  •  LTSB,KB5048671,2024-12-10,14393.7606
Windows 10,CBB  •  CB  •  LTSB,KB5046612,2024-11-12,14393.7515
Windows 10,CBB  •  CB  •  LTSB,KB5044293,2024-10-08,14393.7428
Windows 10,CBB  •  CB  •  LTSB,KB5043051,2024-09-10,14393.7336
Windows 10,CBB  •  CB  •  LTSB,KB5041773,2024-08-13,14393.7259
Windows 10,CBB  •  CB  •  LTSB,KB5040434,2024-07-09,14393.7159
Windows 10,CBB  •  CB  •  LTSB,KB5039214,2024-06-11,14393.7070
Windows 10,CBB  •  CB  •  LTSB,KB5037763,2024-05-14,14393.6981
Windows 10,CBB  •  CB  •  LTSB,KB5036899,2024-04-09,14393.6897
Windows 10,CBB  •  CB  •  LTSB,KB5037423,2024-03-22,14393.6800
Windows 10,CBB  •  CB  •  LTSB,KB5035855,2024-03-12,14393.6796
Windows 10,CBB  •  CB  •  LTSB,KB5034767,2024-02-13,14393.6709
Windows 10,CBB  •  CB  •  LTSB,KB5034119,2024-01-09,14393.6614
Windows 10,CBB  •  CB  •  LTSB,KB5033373,2023-12-12,14393.6529
Windows 10,CBB  •  CB  •  LTSB,KB5032197,2023-11-14,14393.6452
Windows 10,CBB  •  CB  •  LTSB,KB5031362,2023-10-10,14393.6351
Windows 10,CBB  •  CB  •  LTSB,KB5030213,2023-09-12,14393.6252
Windows 10,CBB  •  CB  •  LTSB,KB5029242,2023-08-08,14393.6167
Windows 10,CBB  •  CB  •  LTSB,KB5028169,2023-07-11,14393.6085
Windows 10,CBB  •  CB  •  LTSB,KB5028623,2023-06-23,14393.5996
Windows 10,CBB  •  CB  •  LTSB,KB5027219,2023-06-13,14393.5989
Windows 10,CBB  •  CB  •  LTSB,KB5026363,2023-05-09,14393.5921
Windows 10,CBB  •  CB  •  LTSB,KB5025228,2023-04-11,14393.5850
Windows 10,CBB  •  CB  •  LTSB,KB5023697,2023-03-14,14393.5786
Windows 10,CBB  •  CB  •  LTSB,KB5022838,2023-02-14,14393.5717
Windows 10,CBB  •  CB  •  LTSB,KB5022289,2023-01-10,14393.5648
Windows 10,CBB  •  CB  •  LTSB,KB5021235,2022-12-13,14393.5582
Windows 10,CBB  •  CB  •  LTSB,KB5021654,2022-11-17,14393.5502
Windows 10,CBB  •  CB  •  LTSB,KB5019964,2022-11-08,14393.5501
Windows 10,CBB  •  CB  •  LTSB,KB5020439,2022-10-18,14393.5429
Windows 10,CBB  •  CB  •  LTSB,KB5018411,2022-10-11,14393.5427
Windows 10,CBB  •  CB  •  LTSB,KB5017305,2022-09-13,14393.5356
Windows 10,CBB  •  CB  •  LTSB,KB5016622,2022-08-09,14393.5291
Windows 10,CBB  •  CB  •  LTSB,KB5015808,2022-07-12,14393.5246
Windows 10,CBB  •  CB  •  LTSB,KB5014702,2022-06-14,14393.5192
Windows 10,CBB  •  CB  •  LTSB,KB5015019,2022-05-19,14393.5127
Windows 10,CBB  •  CB  •  LTSB,KB5013952,2022-05-10,14393.5125
Windows 10,CBB  •  CB  •  LTSB,KB5012596,2022-04-12,14393.5066
Windows 10,CBB  •  CB  •  LTSB,KB5011495,2022-03-08,14393.5006
Windows 10,CBB  •  CB  •  LTSB,KB5010359,2022-02-08,14393.4946
Windows 10,CBB  •  CB  •  LTSB,KB5010790,2022-01-17,14393.4889
Windows 10,CBB  •  CB  •  LTSB,KB5009546,2022-01-11,14393.4886
Windows 10,CBB  •  CB  •  LTSB,KB5010195,2022-01-05,14393.4827
Windows 10,CBB  •  CB  •  LTSB,KB5008207,2021-12-14,14393.4825
Windows 10,CBB  •  CB  •  LTSB,KB5008601,2021-11-14,14393.4771
Windows 10,CBB  •  CB  •  LTSB,KB5007192,2021-11-09,14393.4770
Windows 10,CBB  •  CB  •  LTSB,KB5006669,2021-10-12,14393.4704
Windows 10,CBB  •  CB  •  LTSB,KB5005573,2021-09-14,14393.4651
Windows 10,CBB  •  CB  •  LTSB,KB5005043,2021-08-10,14393.4583
Windows 10,CBB  •  CB  •  LTSB,KB5005393,2021-07-29,14393.4532
Windows 10,CBB  •  CB  •  LTSB,KB5004238,2021-07-13,14393.4530
Windows 10,CBB  •  CB  •  LTSB,KB5004948,2021-07-07,14393.4470
Windows 10,CBB  •  CB  •  LTSB,KB5003638,2021-06-08,14393.4467
Windows 10,CBB  •  CB  •  LTSB,KB5003197,2021-05-11,14393.4402
Windows 10,CBB  •  CB  •  LTSB,KB5001347,2021-04-13,14393.4350
Windows 10,CBB  •  CB  •  LTSB,KB5001633,2021-03-18,14393.4288
Windows 10,CBB  •  CB  •  LTSB,KB5000803,2021-03-09,14393.4283
Windows 10,CBB  •  CB  •  LTSB,KB4601318,2021-02-09,14393.4225
Windows 10,CBB  •  CB  •  LTSB,KB4598243,2021-01-12,14393.4169
Windows 10,CBB  •  CB  •  LTSB,KB4593226,2020-12-08,14393.4104
Windows 10,CBB  •  CB  •  LTSB,KB4594441,2020-11-19,14393.4048
Windows 10,CBB  •  CB  •  LTSB,KB4586830,2020-11-10,14393.4046
Windows 10,CBB  •  CB  •  LTSB,KB4580346,2020-10-13,14393.3986
Windows 10,CBB  •  CB  •  LTSB,KB4577015,2020-09-08,14393.3930
Windows 10,CBB  •  CB  •  LTSB,KB4571694,2020-08-11,14393.3866
Windows 10,CBB  •  CB  •  LTSB,KB4565511,2020-07-14,14393.3808
Windows 10,CBB  •  CB  •  LTSB,KB4567517,2020-06-18,14393.3755
Windows 10,CBB  •  CB  •  LTSB,KB4561616,2020-06-09,14393.3750
Windows 10,CBB  •  CB  •  LTSB,KB4556813,2020-05-12,14393.3686
Windows 10,CBB  •  CB  •  LTSB,KB4550947,2020-04-21,14393.3659
Windows 10,CBB  •  CB  •  LTSB,KB4550929,2020-04-14,14393.3630
Windows 10,CBB  •  CB  •  LTSB,KB4541329,2020-03-17,14393.3595
Windows 10,CBB  •  CB  •  LTSB,KB4540670,2020-03-10,14393.3564
Windows 10,CBB  •  CB  •  LTSB,KB4537806,2020-02-25,14393.3542
Windows 10,CBB  •  CB  •  LTSB,KB4537764,2020-02-11,14393.3504
Windows 10,CBB  •  CB  •  LTSB,KB4534307,2020-01-23,14393.3474
Windows 10,CBB  •  CB  •  LTSB,KB4534271,2020-01-14,14393.3443
Windows 10,CBB  •  CB  •  LTSB,KB4530689,2019-12-10,14393.3384
Windows 10,CBB  •  CB  •  LTSB,KB4525236,2019-11-12,14393.3326
Windows 10,CBB  •  CB  •  LTSB,KB4519979,2019-10-15,14393.3300
Windows 10,CBB  •  CB  •  LTSB,KB4519998,2019-10-08,14393.3274
Windows 10,CBB  •  CB  •  LTSB,KB4524152,2019-10-03,14393.3243
Windows 10,CBB  •  CB  •  LTSB,KB4516061,2019-09-24,14393.3242
Windows 10,CBB  •  CB  •  LTSB,KB4522010,2019-09-23,14393.3206
Windows 10,CBB  •  CB  •  LTSB,KB4516044,2019-09-10,14393.3204
Windows 10,CBB  •  CB  •  LTSB,KB4512495,2019-08-17,14393.3181
Windows 10,CBB  •  CB  •  LTSB,KB4512517,2019-08-13,14393.3144
Windows 10,CBB  •  CB  •  LTSB,KB4507459,2019-07-16,14393.3115
Windows 10,CBB  •  CB  •  LTSB,KB4507460,2019-07-09,14393.3085
Windows 10,CBB  •  CB  •  LTSB,KB4509475,2019-06-27,14393.3056
Windows 10,CBB  •  CB  •  LTSB,KB4503294,2019-06-18,14393.3053
Windows 10,CBB  •  CB  •  LTSB,KB4503267,2019-06-11,14393.3025
Windows 10,CBB  •  CB  •  LTSB,KB4499177,2019-05-23,14393.2999
Windows 10,CBB  •  CB  •  LTSB,KB4505052,2019-05-19,14393.2972
Windows 10,CBB  •  CB  •  LTSB,KB4494440,2019-05-14,14393.2969
Windows 10,CBB  •  CB  •  LTSB,KB4493473,2019-04-25,14393.2941
Windows 10,CBB  •  CB  •  LTSB,KB4499418,2019-04-25,14393.2908
Windows 10,CBB  •  CB  •  LTSB,KB4493470,2019-04-09,14393.2906
Windows 10,CBB  •  CB  •  LTSB,KB4489889,2019-03-19,14393.2879
Windows 10,CBB  •  CB  •  LTSB,KB4489882,2019-03-12,14393.2848
Windows 10,CBB  •  CB  •  LTSB,KB4487006,2019-02-19,14393.2828
Windows 10,CBB  •  CB  •  LTSB,KB4487026,2019-02-12,14393.2791
Windows 10,CBB  •  CB  •  LTSB,KB4480977,2019-01-17,14393.2759
Windows 10,CBB  •  CB  •  LTSB,KB4480961,2019-01-08,14393.2724
Windows 10,CBB  •  CB  •  LTSB,KB4483229,2018-12-19,14393.2670
Windows 10,CBB  •  CB  •  LTSB,KB4471321,2018-12-11,14393.2665
Windows 10,CBB  •  CB  •  LTSB,KB4478877,2018-12-03,14393.2641
Windows 10,CBB  •  CB  •  LTSB,KB4467684,2018-11-27,14393.2639
Windows 10,CBB  •  CB  •  LTSB,KB4467691,2018-11-13,14393.2608
Windows 10,CBB  •  CB  •  LTSB,KB4462928,2018-10-18,14393.2580
Windows 10,CBB  •  CB  •  LTSB,KB4462917,2018-10-09,14393.2551
Windows 10,CBB  •  CB  •  LTSB,KB4457127,2018-09-20,14393.2515
Windows 10,CBB  •  CB  •  LTSB,KB4457131,2018-09-11,14393.2485
Windows 10,CBB  •  CB  •  LTSB,KB4343884,2018-08-30,14393.2457
Windows 10,CBB  •  CB  •  LTSB,KB4343887,2018-08-14,14393.2430
Windows 10,CBB  •  CB  •  LTSB,KB4346877,2018-07-30,14393.2396
Windows 10,CBB  •  CB  •  LTSB,KB4338822,2018-07-24,14393.2395
Windows 10,CBB  •  CB  •  LTSB,KB4345418,2018-07-16,14393.2368
Windows 10,CBB  •  CB  •  LTSB,KB4338814,2018-07-10,14393.2363
Windows 10,CBB  •  CB  •  LTSB,KB4284833,2018-06-21,14393.2339
Windows 10,CBB  •  CB  •  LTSB,KB4284880,2018-06-12,14393.2312
Windows 10,CBB  •  CB  •  LTSB,KB4103720,2018-05-17,14393.2273
Windows 10,CBB  •  CB  •  LTSB,KB4103723,2018-05-08,14393.2248
Windows 10,CBB  •  CB  •  LTSB,KB4093120,2018-04-17,14393.2214
Windows 10,CBB  •  CB  •  LTSB,KB4093119,2018-04-10,14393.2189
Windows 10,CBB  •  CB  •  LTSB,KB4096309,2018-03-29,14393.2156
Windows 10,CBB  •  CB  •  LTSB,KB4088889,2018-03-22,14393.2155
Windows 10,CBB  •  CB  •  LTSB,KB4088787,2018-03-13,14393.2125
Windows 10,CBB  •  CB  •  LTSB,KB4077525,2018-02-22,14393.2097
Windows 10,CBB  •  CB  •  LTSB,KB4074590,2018-02-13,14393.2068
Windows 10,CBB  •  CB  •  LTSB,KB4057142,2018-01-17,14393.2035
Windows 10,CBB  •  CB  •  LTSB,KB4056890,2018-01-03,14393.2007
Windows 10,CBB  •  CB  •  LTSB,KB4053579,2017-12-12,14393.1944
Windows 10,CBB  •  CB  •  LTSB,KB4051033,2017-11-27,14393.1914
Windows 10,CBB  •  CB  •  LTSB,KB4048953,2017-11-14,14393.1884
Windows 10,CBB  •  CB  •  LTSB,KB4052231,2017-11-02,14393.1797
Windows 10,CBB  •  CB  •  LTSB,KB4041688,2017-10-17,14393.1794
Windows 10,CBB  •  CB  •  LTSB,KB4041691,2017-10-10,14393.1770
Windows 10,CBB  •  CB  •  LTSB,KB4038801,2017-09-28,14393.1737
Windows 10,CBB  •  CB  •  LTSB,KB4038782,2017-09-12,14393.1715
Windows 10,CBB  •  CB  •  LTSB,KB4039396,2017-08-28,14393.1670
Windows 10,CBB  •  CB  •  LTSB,KB4034661,2017-08-16,14393.1613
Windows 10,CBB  •  CB  •  LTSB,KB4034658,2017-08-08,14393.1593
Windows 10,CBB  •  CB  •  LTSB,KB4038220,2017-08-07,14393.1537
Windows 10,CBB  •  CB  •  LTSB,KB4025334,2017-07-18,14393.1532
Windows 10,CBB  •  CB  •  LTSB,KB4025339,2017-07-11,14393.1480
Windows 10,CBB  •  CB  •  LTSB,KB4022723,2017-06-27,14393.1378
Windows 10,CBB  •  CB  •  LTSB,KB4022715,2017-06-13,14393.1358
Windows 10,CBB  •  CB  •  LTSB,KB4019472,2017-05-09,14393.1198
Windows 10,CBB  •  CB  •  LTSB,KB4015217,2017-04-11,14393.1066
Windows 10,CBB  •  CB  •  LTSB,KB4015438,2017-03-20,14393.969
Windows 10,CBB  •  CB  •  LTSB,KB4013429,2017-03-14,14393.953
Windows 10,CBB  •  CB  •  LTSB,KB3213986,2017-01-10,14393.693
Windows 10,CBB  •  CB  •  LTSB,KB3206632,2016-12-13,14393.576
Windows 10,CBB  •  CB  •  LTSB,KB3201845,2016-12-09,14393.479
Windows 10,CBB  •  CB  •  LTSB,KB3200970,2016-11-08,14393.447
Windows 10,CB  •  LTSB,KB3197954,2016-10-27,14393.351
Windows 10,CB  •  LTSB,KB3194798,2016-10-11,14393.321
Windows 10,CB  •  LTSB,KB3194496,2016-09-29,14393.222
Windows 10,CB  •  LTSB,KB3193494,2016-09-20,14393.187
Windows 10,CB  •  LTSB,KB3189866,2016-09-13,14393.187
Windows 10,CB  •  LTSB,KB3176938,2016-08-31,14393.105
Windows 10,CB  •  LTSB,KB3176934,2016-08-23,14393.82
Windows 10,CB  •  LTSB,KB3176495,2016-08-09,14393.51
Windows 10,CB  •  LTSB,KB3176929,2016-08-02,14393.10
Windows 10,CBB  •  CB,KB4093109,2018-04-10,10586.1540
Windows 10,CBB  •  CB,KB4088779,2018-03-13,10586.1478
Windows 10,CBB  •  CB,KB4074591,2018-02-13,10586.1417
Windows 10,CBB  •  CB,KB4075200,2018-01-18,10586.1358
Windows 10,CBB  •  CB,KB4056888,2018-01-03,10586.1356
Windows 10,CBB  •  CB,KB4053578,2017-12-12,10586.1295
Windows 10,CBB  •  CB,KB4048952,2017-11-14,10586.1232
Windows 10,CBB  •  CB,KB4052232,2017-11-02,10586.1177
Windows 10,CBB  •  CB,KB4041689,2017-10-10,10586.1176
Windows 10,CBB  •  CB,KB4038783,2017-09-12,10586.1106
Windows 10,CBB  •  CB,KB4034660,2017-08-08,10586.1045
Windows 10,CBB  •  CB,KB4025344,2017-07-11,10586.1007
Windows 10,CBB  •  CB,KB4032693,2017-06-27,10586.965
Windows 10,CBB  •  CB,KB4022714,2017-06-13,10586.962
Windows 10,CBB  •  CB,KB4019473,2017-05-09,10586.916
Windows 10,CBB  •  CB,KB4015219,2017-04-11,10586.873
Windows 10,CBB  •  CB,KB4013198,2017-03-14,10586.839
Windows 10,CBB  •  CB,KB3210721,2017-01-10,10586.753
Windows 10,CBB  •  CB,KB3205386,2016-12-13,10586.713
Windows 10,CBB  •  CB,KB3198586,2016-11-08,10586.679
Windows 10,CBB  •  CB,KB3192441,2016-10-11,10586.633
Windows 10,CBB  •  CB,KB3185614,2016-09-13,10586.589
Windows 10,CBB  •  CB,KB3176493,2016-08-09,10586.545
Windows 10,CBB  •  CB,KB3172985,2016-07-12,10586.494
Windows 10,CBB  •  CB,KB3163018,2016-06-14,10586.420
Windows 10,CBB  •  CB,KB3156421,2016-05-10,10586.318
Windows 10,CBB  •  CB,KB3147458,2016-04-12,10586.218
Windows 10,CBB  •  CB,KB3140768,2016-03-08,10586.164
Windows 10,CB,KB3140743,2016-03-01,10586.122
Windows 10,CB,KB3135173,2016-02-09,10586.104
Windows 10,CB,KB3124262,2016-01-27,10586.71
Windows 10,CB,KB3124263,2016-01-12,10586.63
Windows 10,CB,KB3124200,2015-12-17,10586.36
Windows 10,CB,KB3116900,2015-12-08,10586.29
Windows 10,CB,KB3116908,2015-12-02,10586.17
Windows 10,CB,KB3120677,2015-11-24,10586.14
Windows 10,CB,KB3118754,2015-11-18,10586.11
Windows 10,CB,KB3105211,2015-11-10,10586.3
Windows 10,LTSB,KB5065430,2025-09-09,10240.21128
Windows 10,LTSB,KB5063889,2025-08-12,10240.21100
Windows 10,LTSB,KB5062561,2025-07-08,10240.21073
Windows 10,LTSB,KB5060998,2025-06-10,10240.21034
Windows 10,LTSB,KB5058387,2025-05-13,10240.21014
Windows 10,LTSB,KB5055547,2025-04-09,10240.20979
Windows 10,LTSB,KB5053618,2025-03-11,10240.20947
Windows 10,LTSB,KB5052040,2025-02-11,10240.20915
Windows 10,LTSB,KB5050013,2025-01-14,10240.20890
Windows 10,LTSB,KB5048703,2024-12-10,10240.20857
Windows 10,LTSB,KB5046665,2024-11-12,10240.20826
Windows 10,LTSB,KB5044286,2024-10-08,10240.20796
Windows 10,LTSB,KB5043083,2024-09-10,10240.20766
Windows 10,LTSB,KB5041782,2024-08-13,10240.20751
Windows 10,LTSB,KB5040448,2024-07-09,10240.20710
Windows 10,LTSB,KB5039225,2024-06-11,10240.20680
Windows 10,LTSB,KB5037788,2024-05-14,10240.20651
Windows 10,LTSB,KB5036925,2024-04-09,10240.20596
Windows 10,LTSB,KB5035858,2024-03-12,10240.20526
Windows 10,LTSB,KB5034774,2024-02-13,10240.20469
Windows 10,LTSB,KB5034134,2024-01-09,10240.20402
Windows 10,LTSB,KB5033379,2023-12-12,10240.20345
Windows 10,LTSB,KB5032199,2023-11-14,10240.20308
Windows 10,LTSB,KB5031377,2023-10-10,10240.20232
Windows 10,LTSB,KB5030220,2023-09-12,10240.20162
Windows 10,LTSB,KB5029259,2023-08-08,10240.20107
Windows 10,LTSB,KB5028186,2023-07-11,10240.20048
Windows 10,LTSB,KB5028622,2023-06-23,10240.19986
Windows 10,LTSB,KB5027230,2023-06-13,10240.19983
Windows 10,LTSB,KB5026382,2023-05-09,10240.19926
Windows 10,LTSB,KB5025234,2023-04-11,10240.19869
Windows 10,LTSB,KB5023713,2023-03-14,10240.19805
Windows 10,LTSB,KB5022858,2023-02-14,10240.19747
Windows 10,LTSB,KB5022297,2023-01-10,10240.19685
Windows 10,LTSB,KB5021243,2022-12-13,10240.19624
Windows 10,LTSB,KB5019970,2022-11-08,10240.19567
Windows 10,LTSB,KB5020440,2022-10-18,10240.19509
Windows 10,LTSB,KB5018425,2022-10-11,10240.19507
Windows 10,LTSB,KB5017327,2022-09-13,10240.19444
Windows 10,LTSB,KB5016639,2022-08-09,10240.19387
Windows 10,LTSB,KB5015832,2022-07-12,10240.19360
Windows 10,LTSB,KB5014710,2022-06-14,10240.19325
Windows 10,LTSB,KB5013963,2022-05-10,10240.19297
Windows 10,LTSB,KB5012653,2022-04-12,10240.19265
Windows 10,LTSB,KB5011491,2022-03-08,10240.19235
Windows 10,LTSB,KB5010358,2022-02-08,10240.19204
Windows 10,LTSB,KB5010789,2022-01-17,10240.19179
Windows 10,LTSB,KB5009585,2022-01-11,10240.19177
Windows 10,LTSB,KB5008230,2021-12-14,10240.19145
Windows 10,LTSB,KB5007207,2021-11-09,10240.19119
Windows 10,LTSB,KB5006675,2021-10-12,10240.19086
Windows 10,LTSB,KB5005569,2021-09-14,10240.19060
Windows 10,LTSB,KB5005040,2021-08-10,10240.19022
Windows 10,LTSB,KB5004249,2021-07-13,10240.19003
Windows 10,LTSB,KB5004950,2021-07-06,10240.18969
Windows 10,LTSB,KB5003687,2021-06-08,10240.18967
Windows 10,LTSB,KB5003172,2021-05-11,10240.18932
Windows 10,LTSB,KB5001340,2021-04-13,10240.18906
Windows 10,LTSB,KB5001631,2021-03-18,10240.18875
Windows 10,LTSB,KB5000807,2021-03-09,10240.18874
Windows 10,LTSB,KB4601331,2021-02-09,10240.18841
Windows 10,LTSB,KB4598231,2021-01-12,10240.18818
Windows 10,LTSB,KB4592464,2020-12-08,10240.18782
Windows 10,LTSB,KB4586787,2020-11-10,10240.18756
Windows 10,LTSB,KB4580327,2020-10-13,10240.18725
Windows 10,LTSB,KB4577049,2020-09-08,10240.18696
Windows 10,LTSB,KB4571692,2020-08-11,10240.18666
Windows 10,LTSB,KB4565513,2020-07-14,10240.18638
Windows 10,LTSB,KB4567518,2020-06-18,10240.18609
Windows 10,LTSB,KB4561649,2020-06-09,10240.18608
Windows 10,LTSB,KB4556826,2020-05-12,10240.18575
Windows 10,LTSB,KB4550930,2020-04-14,10240.18545
Windows 10,LTSB,KB4540693,2020-03-10,10240.18519
Windows 10,LTSB,KB4537776,2020-02-11,10240.18486
Windows 10,LTSB,KB4534306,2020-01-14,10240.18453
Windows 10,LTSB,KB4530681,2019-12-10,10240.18427
Windows 10,LTSB,KB4525232,2019-11-12,10240.18395
Windows 10,LTSB,KB4520011,2019-10-08,10240.18368
Windows 10,LTSB,KB4524153,2019-10-03,10240.18335
Windows 10,LTSB,KB4522009,2019-09-23,10240.18334
Windows 10,LTSB,KB4516070,2019-09-10,10240.18333
Windows 10,LTSB,KB4517276,2019-08-17,10240.18308
Windows 10,LTSB,KB4512497,2019-08-13,10240.18305
Windows 10,LTSB,KB4507458,2019-07-09,10240.18275
Windows 10,LTSB,KB4503291,2019-06-11,10240.18244
Windows 10,LTSB,KB4505051,2019-05-19,10240.18218
Windows 10,LTSB,KB4499154,2019-05-14,10240.18215
Windows 10,LTSB,KB4498375,2019-04-25,10240.18187
Windows 10,LTSB,KB4493475,2019-04-09,10240.18186
Windows 10,LTSB,KB4489872,2019-03-12,10240.18158
Windows 10,LTSB,KB4491101,2019-02-21,10240.18135
Windows 10,LTSB,KB4487018,2019-02-12,10240.18132
Windows 10,LTSB,KB4480962,2019-01-08,10240.18094
Windows 10,LTSB,KB4483228,2018-12-19,10240.18064
Windows 10,LTSB,KB4471323,2018-12-11,10240.18063
Windows 10,LTSB,KB4467680,2018-11-13,10240.18036
Windows 10,LTSB,KB4462922,2018-10-09,10240.18005
Windows 10,LTSB,KB4457132,2018-09-11,10240.17976
Windows 10,LTSB,KB4343892,2018-08-14,10240.17946
Windows 10,LTSB,KB4345455,2018-07-16,10240.17918
Windows 10,LTSB,KB4338829,2018-07-10,10240.17914
Windows 10,LTSB,KB4284860,2018-06-12,10240.17889
Windows 10,LTSB,KB4103716,2018-05-08,10240.17861
Windows 10,LTSB,KB4093111,2018-04-10,10240.17831
Windows 10,LTSB,KB4088786,2018-03-13,10240.17797
Windows 10,LTSB,KB4074596,2018-02-13,10240.17770
Windows 10,LTSB,KB4077735,2018-01-31,10240.17741
Windows 10,LTSB,KB4075199,2018-01-18,10240.17741
Windows 10,LTSB,KB4056893,2018-01-03,10240.17738
Windows 10,LTSB,KB4053581,2017-12-12,10240.17709
Windows 10,LTSB,KB4048956,2017-11-14,10240.17673
Windows 10,LTSB,KB4042895,2017-10-10,10240.17643
Windows 10,LTSB,KB4038781,2017-09-12,10240.17609
Windows 10,LTSB,KB4034668,2017-08-08,10240.17533
Windows 10,LTSB,KB4025338,2017-07-11,10240.17488
Windows 10,LTSB  •  CB  •  CBB,KB4032695,2017-06-27,10240.17446
Windows 10,LTSB  •  CB  •  CBB,KB4022727,2017-06-13,10240.17443
Windows 10,LTSB  •  CB  •  CBB,KB4019474,2017-05-09,10240.17394
Windows 10,LTSB  •  CB  •  CBB,KB4015221,2017-04-11,10240.17354
Windows 10,LTSB  •  CB  •  CBB,KB4012606,2017-03-14,10240.17319
Windows 10,LTSB  •  CB  •  CBB,KB3210720,2017-01-10,10240.17236
Windows 10,LTSB  •  CB  •  CBB,KB3205383,2016-12-13,10240.17202
Windows 10,LTSB  •  CB  •  CBB,KB3198585,2016-11-08,10240.17190
Windows 10,LTSB  •  CB  •  CBB,KB3192440,2016-10-11,10240.17146
Windows 10,LTSB  •  CB  •  CBB,KB3193821,2016-09-20,10240.17113
Windows 10,LTSB  •  CB  •  CBB,KB3185611,2016-09-13,10240.17113
Windows 10,LTSB  •  CB  •  CBB,KB3176492,2016-08-09,10240.17071
Windows 10,LTSB  •  CB  •  CBB,KB3163912,2016-07-12,10240.17024
Windows 10,LTSB  •  CB  •  CBB,KB3163017,2016-06-14,10240.16942
Windows 10,LTSB  •  CB  •  CBB,KB3156387,2016-05-10,10240.16854
Windows 10,LTSB  •  CB  •  CBB,KB3147461,2016-04-12,10240.16771
Windows 10,LTSB  •  CB  •  CBB,KB3140745,2016-03-08,10240.16725
Windows 10,LTSB  •  CB  •  CBB,KB3135174,2016-02-09,10240.16683
Windows 10,LTSB  •  CB  •  CBB,KB3124266,2016-01-12,10240.16644
Windows 10,LTSB  •  CB  •  CBB,KB3116869,2015-12-08,10240.16601
Windows 10,LTSB  •  CB  •  CBB,KB3105213,2015-11-10,10240.16590
Windows 10,LTSB  •  CB  •  CBB,KB3105210,2015-10-27,10240.16566
Windows 10,LTSB  •  CB  •  CBB,KB3097617,2015-10-13,10240.16549
Windows 10,LTSB  •  CB  •  CBB,KB3093266,2015-09-30,10240.16520
Windows 10,LTSB  •  CB  •  CBB,KB3081455,2015-09-08,10240.16487
Windows 10,LTSB  •  CB  •  CBB,KB3081448,2015-08-27,10240.16463
Windows 10,LTSB  •  CB  •  CBB,KB3081444,2015-08-18,10240.16445
Windows 10,LTSB  •  CB  •  CBB,KB3081438,2015-08-14,10240.16433
Windows 10,LTSB  •  CB  •  CBB,KB3081436,2015-08-11,10240.16430
Windows 10,LTSB  •  CB  •  CBB,KB3081424,2015-08-05,10240.16413
Windows 10,LTSB  •  CB  •  CBB,KB3074683,2015-07-29,10240.16405
Windows Server,LTSC,KB5073379,2026-01-13,26100.32230
Windows Server,LTSC,KB5072033,2025-12-09,26100.7462
Windows Server,LTSC,KB5072359,2025-11-18,26100.7178
Windows Server,LTSC,KB5068861,2025-11-11,26100.7171
Windows Server,LTSC,KB5070881,2025-10-23,26100.6905
Windows Server,LTSC,KB5070773,2025-10-20,26100.6901
Windows Server,LTSC,KB5066835,2025-10-14,26100.6899
Windows Server,LTSC,KB5068221,2025-09-22,26100.6588
Windows Server,LTSC,KB5065426,2025-09-09,26100.6584
Windows Server,LTSC,KB5063878,2025-08-12,26100.4946
Windows Server,LTSC,KB5064489,2025-07-13,26100.4656
Windows Server,LTSC,KB5062553,2025-07-08,26100.4652
Windows Server,LTSC,KB5060842,2025-06-10,26100.4349
Windows Server,LTSC,KB5061977,2025-05-27,26100.4066
Windows Server,LTSC,KB5058411,2025-05-13,26100.4061
Windows Server,LTSC,KB5059087,2025-04-16,26100.3781
Windows Server,LTSC,KB5055523,2025-04-08,26100.3775
Windows Server,LTSC,KB5053598,2025-03-11,26100.3476
Windows Server,LTSC,KB5051987,2025-02-11,26100.3194
Windows Server,LTSC,KB5050009,2025-01-14,26100.2894
Windows Server,LTSC,KB5048667,2024-12-10,26100.2605
Windows Server,LTSC,KB5046617,2024-11-12,26100.2314
Windows Server,LTSC,,2024-11-01,26100.1742
Windows Server,LTSC,KB5073457,2026-01-13,20348.4648
Windows Server,LTSC,KB5071547,2025-12-09,20348.4529
Windows Server,LTSC,KB5068787,2025-11-11,20348.4405
Windows Server,LTSC,KB5070884,2025-10-23,20348.4297
Windows Server,LTSC,KB5066782,2025-10-14,20348.4294
Windows Server,LTSC,KB5065432,2025-09-09,20348.4171
Windows Server,LTSC,KB5063880,2025-08-12,20348.4052
Windows Server,LTSC,KB5062572,2025-07-08,20348.3932
Windows Server,LTSC,KB5060526,2025-06-10,20348.3807
Windows Server,LTSC,KB5061906,2025-05-23,20348.3695
Windows Server,LTSC,KB5058385,2025-05-13,20348.3692
Windows Server,LTSC,KB5059092,2025-04-16,20348.3566
Windows Server,LTSC,KB5058920,2025-04-11,20348.3561
Windows Server,LTSC,KB5055526,2025-04-08,20348.3453
Windows Server,LTSC,KB5053603,2025-03-11,20348.3328
Windows Server,LTSC,KB5051979,2025-02-11,20348.3207
Windows Server,LTSC,KB5052819,2025-01-18,20348.3095
Windows Server,LTSC,KB5049983,2025-01-14,20348.3091
Windows Server,LTSC,KB5048654,2024-12-10,20348.2966
Windows Server,LTSC,KB5046616,2024-11-12,20348.2849
Windows Server,LTSC,KB5044281,2024-10-08,20348.2762
Windows Server,LTSC,KB5042881,2024-09-10,20348.2700
Windows Server,LTSC,KB5041160,2024-08-13,20348.2655
Windows Server,LTSC,KB5040437,2024-07-09,20348.2582
Windows Server,LTSC,KB5041054,2024-06-20,20348.2529
Windows Server,LTSC,KB5039227,2024-06-11,20348.2527
Windows Server,LTSC,KB5037782,2024-05-14,20348.2461
Windows Server,LTSC,KB5036909,2024-04-09,20348.2402
Windows Server,LTSC,KB5037422,2024-03-22,20348.2342
Windows Server,LTSC,KB5035857,2024-03-12,20348.2340
Windows Server,LTSC,KB5034770,2024-02-13,20348.2322
Windows Server,LTSC,KB5034129,2024-01-09,20348.2227
Windows Server,LTSC,KB5033118,2023-12-12,20348.2159
Windows Server,LTSC,KB5032198,2023-11-14,20348.2113
Windows Server,LTSC,KB5031364,2023-10-10,20348.2031
Windows Server,LTSC,KB5030216,2023-09-12,20348.1970
Windows Server,LTSC,KB5029250,2023-08-08,20348.1906
Windows Server,LTSC,KB5028171,2023-07-11,20348.1850
Windows Server,LTSC,KB5027225,2023-06-13,20348.1787
Windows Server,LTSC,KB5026370,2023-05-09,20348.1726
Windows Server,LTSC,KB5025230,2023-04-11,20348.1668
Windows Server,LTSC,KB5023705,2023-03-14,20348.1607
Windows Server,LTSC,KB5022842,2023-02-14,20348.1547
Windows Server,LTSC,KB5022291,2023-01-10,20348.1487
Windows Server,LTSC,KB5022553,2022-12-20,20348.1368
Windows Server,LTSC,KB5021249,2022-12-13,20348.1366
Windows Server,LTSC,KB5020032,2022-11-22,20348.1311
Windows Server,LTSC,KB5021656,2022-11-17,20348.1251
Windows Server,LTSC,KB5019081,2022-11-08,20348.1249
Windows Server,LTSC,KB5018485,2022-10-25,20348.1194
Windows Server,LTSC,KB5020436,2022-10-17,20348.1131
Windows Server,LTSC,KB5018421,2022-10-11,20348.1129
Windows Server,LTSC,KB5017381,2022-09-20,20348.1070
Windows Server,LTSC,KB5017316,2022-09-13,20348.1006
Windows Server,LTSC,KB5016693,2022-08-16,20348.946
Windows Server,LTSC,KB5016627,2022-08-09,20348.887
Windows Server,LTSC,KB5015879,2022-07-19,20348.859
Windows Server,LTSC,KB5015827,2022-07-12,20348.825
Windows Server,LTSC,KB5014665,2022-06-23,20348.803
Windows Server,LTSC,KB5014678,2022-06-14,20348.768
Windows Server,LTSC,KB5014021,2022-05-24,20348.740
Windows Server,LTSC,KB5015013,2022-05-19,20348.709
Windows Server,LTSC,KB5013944,2022-05-10,20348.707
Windows Server,LTSC,KB5012637,2022-04-25,20348.681
Windows Server,LTSC,KB5012604,2022-04-12,20348.643
Windows Server,LTSC,KB5011558,2022-03-22,20348.617
Windows Server,LTSC,KB5011497,2022-03-08,20348.587
Windows Server,LTSC,KB5010421,2022-02-15,20348.558
Windows Server,LTSC,KB5010354,2022-02-08,20348.524
Windows Server,LTSC,KB5009608,2022-01-25,20348.502
Windows Server,LTSC,KB5010796,2022-01-17,20348.473
Windows Server,LTSC,KB5009555,2022-01-11,20348.469
Windows Server,LTSC,KB5010197,2022-01-05,20348.407
Windows Server,LTSC,KB5008223,2021-12-14,20348.405
Windows Server,LTSC,KB5007254,2021-11-22,20348.380
Windows Server,LTSC,KB5007205,2021-11-09,20348.350
Windows Server,LTSC,KB5006745,2021-10-26,20348.320
Windows Server,LTSC,KB5006699,2021-10-12,20348.288
Windows Server,LTSC,KB5005619,2021-09-27,20348.261
Windows Server,LTSC,KB5005575,2021-09-14,20348.230
Windows Server,LTSC,KB5005104,2021-08-26,20348.202
Windows Server,LTSC,KB5073723,2026-01-13,17763.8276
Windows Server,LTSC,KB5074975,2025-12-18,17763.8148
Windows Server,LTSC,KB5071544,2025-12-09,17763.8146
Windows Server,LTSC,KB5068791,2025-11-11,17763.8027
Windows Server,LTSC,KB5070883,2025-10-23,17763.7922
Windows Server,LTSC,KB5066586,2025-10-14,17763.7919
Windows Server,LTSC,KB5065428,2025-09-09,17763.7792
Windows Server,LTSC,KB5066187,2025-08-19,17763.7683
Windows Server,LTSC,KB5063877,2025-08-12,17763.7678
Windows Server,LTSC,KB5062557,2025-07-08,17763.7558
Windows Server,LTSC,KB5060531,2025-06-10,17763.7434
Windows Server,LTSC,KB5061978,2025-05-27,17763.7322
Windows Server,LTSC,KB5058392,2025-05-13,17763.7314
Windows Server,LTSC,KB5059091,2025-04-16,17763.7249
Windows Server,LTSC,KB5058922,2025-04-11,17763.7240
Windows Server,LTSC,KB5055519,2025-04-08,17763.7136
Windows Server,LTSC,KB5053596,2025-03-11,17763.7009
Windows Server,LTSC,KB5052000,2025-02-11,17763.6893
Windows Server,LTSC,KB5050008,2025-01-14,17763.6775
Windows Server,LTSC,KB5048661,2024-12-10,17763.6659
Windows Server,LTSC,KB5046615,2024-11-12,17763.6532
Windows Server,LTSC,KB5044277,2024-10-08,17763.6414
Windows Server,LTSC,KB5043050,2024-09-10,17763.6293
Windows Server,LTSC,KB5041578,2024-08-13,17763.6189
Windows Server,LTSC,KB5040430,2024-07-09,17763.6054
Windows Server,LTSC,KB5039217,2024-06-11,17763.5936
Windows Server,LTSC,KB5039705,2024-05-23,17763.5830
Windows Server,LTSC,KB5037765,2024-05-14,17763.5820
Windows Server,LTSC,KB5036896,2024-04-09,17763.5696
Windows Server,LTSC,KB5037425,2024-03-25,17763.5579
Windows Server,LTSC,KB5035849,2024-03-12,17763.5576
Windows Server,LTSC,KB5034768,2024-02-13,17763.5458
Windows Server,LTSC,KB5034127,2024-01-09,17763.5329
Windows Server,LTSC,KB5033371,2023-12-12,17763.5206
Windows Server,LTSC,KB5032196,2023-11-14,17763.5122
Windows Server,LTSC,KB5031361,2023-10-10,17763.4974
Windows Server,LTSC,KB5030214,2023-09-12,17763.4851
Windows Server,LTSC,KB5029247,2023-08-08,17763.4737
Windows Server,LTSC,KB5028168,2023-07-11,17763.4645
Windows Server,LTSC,KB5027222,2023-06-13,17763.4499
Windows Server,LTSC,KB5026362,2023-05-09,17763.4377
Windows Server,LTSC,KB5025229,2023-04-11,17763.4252
Windows Server,LTSC,KB5023702,2023-03-14,17763.4131
Windows Server,LTSC,KB5022840,2023-02-14,17763.4010
Windows Server,LTSC,KB5022286,2023-01-10,17763.3887
Windows Server,LTSC,KB5022554,2022-12-20,17763.3772
Windows Server,LTSC,KB5021237,2022-12-13,17763.3770
Windows Server,LTSC,KB5021655,2022-11-17,17763.3653
Windows Server,LTSC,KB5019966,2022-11-08,17763.3650
Windows Server,LTSC,KB5020438,2022-10-17,17763.3534
Windows Server,LTSC,KB5018419,2022-10-11,17763.3532
Windows Server,LTSC,KB5017379,2022-09-20,17763.3469
Windows Server,LTSC,KB5017315,2022-09-13,17763.3406
Windows Server,LTSC,KB5016690,2022-08-23,17763.3346
Windows Server,LTSC,KB5016623,2022-08-09,17763.3287
Windows Server,LTSC,KB5015880,2022-07-21,17763.3232
Windows Server,LTSC,KB5015811,2022-07-12,17763.3165
Windows Server,LTSC,KB5014669,2022-06-23,17763.3113
Windows Server,LTSC,KB5014692,2022-06-14,17763.3046
Windows Server,LTSC,KB5014022,2022-05-24,17763.2989
Windows Server,LTSC,KB5015018,2022-05-19,17763.2931
Windows Server,LTSC,KB5013941,2022-05-10,17763.2928
Windows Server,LTSC,KB5012636,2022-04-21,17763.2867
Windows Server,LTSC,KB5012647,2022-04-12,17763.2803
Windows Server,LTSC,KB5011551,2022-03-22,17763.2746
Windows Server,LTSC,KB5011503,2022-03-08,17763.2686
Windows Server,LTSC,KB5010427,2022-02-15,17763.2628
Windows Server,LTSC,KB5010351,2022-02-08,17763.2565
Windows Server,LTSC,KB5009616,2022-01-25,17763.2510
Windows Server,LTSC,KB5010791,2022-01-18,17763.2458
Windows Server,LTSC,KB5009557,2022-01-11,17763.2452
Windows Server,LTSC,KB5010196,2022-01-04,17763.2369
Windows Server,LTSC,KB5008218,2021-12-14,17763.2366
Windows Server,LTSC,KB5007266,2021-11-22,17763.2330
Windows Server,LTSC,KB5008602,2021-11-14,17763.2305
Windows Server,LTSC,KB5007206,2021-11-09,17763.2300
Windows Server,LTSC,KB5006744,2021-10-19,17763.2268
Windows Server,LTSC,KB5006672,2021-10-12,17763.2237
Windows Server,LTSC,KB5005625,2021-09-21,17763.2213
Windows Server,LTSC,KB5005568,2021-09-14,17763.2183
Windows Server,LTSC,KB5005102,2021-08-26,17763.2145
Windows Server,LTSC,KB5005030,2021-08-10,17763.2114
Windows Server,LTSC,KB5005394,2021-07-27,17763.2091
Windows Server,LTSC,KB5004308,2021-07-20,17763.2090
Windows Server,LTSC,KB5004244,2021-07-13,17763.2061
Windows Server,LTSC,KB5004947,2021-07-06,17763.2029
Windows Server,LTSC,KB5003703,2021-06-15,17763.2028
Windows Server,LTSC,KB5003646,2021-06-08,17763.1999
Windows Server,LTSC,KB5003217,2021-05-20,17763.1971
Windows Server,LTSC,KB5003171,2021-05-11,17763.1935
Windows Server,LTSC,KB5001384,2021-04-22,17763.1911
Windows Server,LTSC,KB5001342,2021-04-13,17763.1879
Windows Server,LTSC,KB5000854,2021-03-25,17763.1852
Windows Server,LTSC,KB5001638,2021-03-18,17763.1823
Windows Server,LTSC,KB5001568,2021-03-15,17763.1821
Windows Server,LTSC,KB5000822,2021-03-09,17763.1817
Windows Server,LTSC,KB4601383,2021-02-16,17763.1790
Windows Server,LTSC,KB4601345,2021-02-09,17763.1757
Windows Server,LTSC,KB4598296,2021-01-21,17763.1728
Windows Server,LTSC,KB4598230,2021-01-12,17763.1697
Windows Server,LTSC,KB4592440,2020-12-08,17763.1637
Windows Server,LTSC,KB4586839,2020-11-19,17763.1613
Windows Server,LTSC,KB4594442,2020-11-17,17763.1579
Windows Server,LTSC,KB4586793,2020-11-10,17763.1577
Windows Server,LTSC,KB4580390,2020-10-20,17763.1554
Windows Server,LTSC,KB4577668,2020-10-13,17763.1518
Windows Server,LTSC,KB4577069,2020-09-16,17763.1490
Windows Server,LTSC,KB4570333,2020-09-08,17763.1457
Windows Server,LTSC,KB4571748,2020-08-20,17763.1432
Windows Server,LTSC,KB4565349,2020-08-11,17763.1397
Windows Server,LTSC,KB4559003,2020-07-21,17763.1369
Windows Server,LTSC,KB4558998,2020-07-14,17763.1339
Windows Server,LTSC,KB4567513,2020-06-16,17763.1294
Windows Server,LTSC,KB4561608,2020-06-09,17763.1282
Windows Server,LTSC,KB4551853,2020-05-12,17763.1217
Windows Server,LTSC,KB4550969,2020-04-21,17763.1192
Windows Server,LTSC,KB4549949,2020-04-14,17763.1158
Windows Server,LTSC,KB4554354,2020-03-30,17763.1132
Windows Server,LTSC,KB4541331,2020-03-17,17763.1131
Windows Server,LTSC,KB4538461,2020-03-10,17763.1098
Windows Server,LTSC,KB4537818,2020-02-25,17763.1075
Windows Server,LTSC,KB4532691,2020-02-11,17763.1039
Windows Server,LTSC,KB4534321,2020-01-23,17763.1012
Windows Server,LTSC,KB4534273,2020-01-14,17763.973
Windows Server,LTSC,KB4530715,2019-12-10,17763.914
Windows Server,LTSC,KB4523205,2019-11-12,17763.864
Windows Server,LTSC,KB4520062,2019-10-15,17763.832
Windows Server,LTSC,KB4519338,2019-10-08,17763.805
Windows Server,LTSC,KB4524148,2019-10-03,17763.775
Windows Server,LTSC,KB4516077,2019-09-24,17763.774
Windows Server,LTSC,KB4522015,2019-09-23,17763.740
Windows Server,LTSC,KB4512578,2019-09-10,17763.737
Windows Server,LTSC,KB4512534,2019-08-17,17763.720
Windows Server,LTSC,KB4511553,2019-08-13,17763.678
Windows Server,LTSC,KB4505658,2019-07-22,17763.652
Windows Server,LTSC,KB4507469,2019-07-09,17763.615
Windows Server,LTSC,KB4509479,2019-06-26,17763.593
Windows Server,LTSC,KB4501371,2019-06-18,17763.592
Windows Server,LTSC,KB4503327,2019-06-11,17763.557
Windows Server,LTSC,KB4497934,2019-05-21,17763.529
Windows Server,LTSC,KB4505056,2019-05-19,17763.504
Windows Server,LTSC,KB4494441,2019-05-14,17763.503
Windows Server,LTSC,KB4495667,2019-05-03,17763.475
Windows Server,LTSC,KB4501835,2019-05-01,17763.439
Windows Server,LTSC,KB4493509,2019-04-09,17763.437
Windows Server,LTSC,KB4490481,2019-04-02,17763.404
Windows Server,LTSC,KB4489899,2019-03-12,17763.379
Windows Server,LTSC,KB4482887,2019-03-01,17763.348
Windows Server,LTSC,KB4487044,2019-02-12,17763.316
Windows Server,LTSC,KB4476976,2019-01-22,17763.292
Windows Server,LTSC,KB4480116,2019-01-08,17763.253
Windows Server,LTSC,KB4483235,2018-12-19,17763.195
Windows Server,LTSC,KB4471332,2018-12-11,17763.194
Windows Server,LTSC,KB4469342,2018-12-05,17763.168
Windows Server,LTSC,KB4467708,2018-11-13,17763.134
Windows Server,LTSC,KB4464455,2018-11-13,17763.107
Windows Server,LTSC,KB4464330,2018-10-09,17763.55
Windows Server,LTSC,,2018-10-02,17763.1
Windows Server,LTSB,KB5073722,2026-01-13,14393.8783
Windows Server,LTSB,KB5074974,2025-12-18,14393.8692
Windows Server,LTSB,KB5071543,2025-12-09,14393.8688
Windows Server,LTSB,KB5068864,2025-11-11,14393.8594
Windows Server,LTSB,KB5070882,2025-10-23,14393.8524
Windows Server,LTSB,KB5066836,2025-10-14,14393.8519
Windows Server,LTSB,KB5065427,2025-09-09,14393.8422
Windows Server,LTSB,KB5063871,2025-08-12,14393.8330
Windows Server,LTSB,KB5062560,2025-07-08,14393.8246
Windows Server,LTSB,KB5061010,2025-06-10,14393.8148
Windows Server,LTSB,KB5058383,2025-05-13,14393.8066
Windows Server,LTSB,KB5058921,2025-04-11,14393.7973
Windows Server,LTSB,KB5055521,2025-04-08,14393.7969
Windows Server,LTSB,KB5053594,2025-03-11,14393.7876
Windows Server,LTSB,KB5052006,2025-02-11,14393.7785
Windows Server,LTSB,KB5049993,2025-01-14,14393.7699
Windows Server,LTSB,KB5048671,2024-12-10,14393.7606
Windows Server,LTSB,KB5046612,2024-11-12,14393.7515
Windows Server,LTSB,KB5044293,2024-10-08,14393.7428
Windows Server,LTSB,KB5043051,2024-09-10,14393.7336
Windows Server,LTSB,KB5041773,2024-08-13,14393.7259
Windows Server,LTSB,KB5040434,2024-07-09,14393.7159
Windows Server,LTSB,KB5039214,2024-06-11,14393.7070
Windows Server,LTSB,KB5037763,2024-05-14,14393.6981
Windows Server,LTSB,KB5036899,2024-04-09,14393.6897
Windows Server,LTSB,KB5037423,2024-03-22,14393.6800
Windows Server,LTSB,KB5035855,2024-03-12,14393.6796
Windows Server,LTSB,KB5034767,2024-02-13,14393.6709
Windows Server,LTSB,KB5034119,2024-01-09,14393.6614
Windows Server,LTSB,KB5033373,2023-12-12,14393.6529
Windows Server,LTSB,KB5032197,2023-11-14,14393.6452
Windows Server,LTSB,KB5031362,2023-10-10,14393.6351
Windows Server,LTSB,KB5030213,2023-09-12,14393.6252
Windows Server,LTSB,KB5029242,2023-08-08,14393.6167
Windows Server,LTSB,KB5028169,2023-07-11,14393.6085
Windows Server,LTSB,KB5028623,2023-06-23,14393.5996
Windows Server,LTSB,KB5027219,2023-06-13,14393.5989
Windows Server,LTSB,KB5026363,2023-05-09,14393.5921
Windows Server,LTSB,KB5025228,2023-04-11,14393.5850
Windows Server,LTSB,KB5023697,2023-03-14,14393.5786
Windows Server,LTSB,KB5022838,2023-02-14,14393.5717
Windows Server,LTSB,KB5022289,2023-01-10,14393.5648
Windows Server,LTSB,KB5021235,2022-12-13,14393.5582
Windows Server,LTSB,KB5021654,2022-11-17,14393.5502
Windows Server,LTSB,KB5019964,2022-11-08,14393.5501
Windows Server,LTSB,KB5020439,2022-10-18,14393.5429
Windows Server,LTSB,KB5018411,2022-10-11,14393.5427
Windows Server,LTSB,KB5017305,2022-09-13,14393.5356
Windows Server,LTSB,KB5016622,2022-08-09,14393.5291
Windows Server,LTSB,KB5015808,2022-07-12,14393.5246
Windows Server,LTSB,KB5014702,2022-06-14,14393.5192
Windows Server,LTSB,KB5015019,2022-05-19,14393.5127
Windows Server,LTSB,KB5013952,2022-05-10,14393.5125
Windows Server,LTSB,KB5012596,2022-04-12,14393.5066
Windows Server,LTSB,KB5011495,2022-03-08,14393.5006
Windows Server,LTSB,KB5010359,2022-02-08,14393.4946
Windows Server,LTSB,KB5010790,2022-01-17,14393.4889
Windows Server,LTSB,KB5009546,2022-01-11,14393.4886
Windows Server,LTSB,KB5010195,2022-01-05,14393.4827
Windows Server,LTSB,KB5008207,2021-12-14,14393.4825
Windows Server,LTSB,KB5008601,2021-11-14,14393.4771
Windows Server,LTSB,KB5007192,2021-11-09,14393.4770
Windows Server,LTSB,KB5006669,2021-10-12,14393.4704
Windows Server,LTSB,KB5005573,2021-09-14,14393.4651
Windows Server,LTSB,KB5005043,2021-08-10,14393.4583
Windows Server,LTSB,KB5005393,2021-07-29,14393.4532
Windows Server,LTSB,KB5004238,2021-07-13,14393.4530
Windows Server,LTSB,KB5004948,2021-07-07,14393.4470
Windows Server,LTSB,KB5003638,2021-06-08,14393.4467
Windows Server,LTSB,KB5003197,2021-05-11,14393.4402
Windows Server,LTSB,KB5001347,2021-04-13,14393.4350
Windows Server,LTSB,KB5001633,2021-03-18,14393.4288
Windows Server,LTSB,KB5000803,2021-03-09,14393.4283
Windows Server,LTSB,KB4601318,2021-02-09,14393.4225
Windows Server,LTSB,KB4598243,2021-01-12,14393.4169
Windows Server,LTSB,KB4593226,2020-12-08,14393.4104
Windows Server,LTSB,KB4594441,2020-11-19,14393.4048
Windows Server,LTSB,KB4586830,2020-11-10,14393.4046
Windows Server,LTSB,KB4580346,2020-10-13,14393.3986
Windows Server,LTSB,KB4577015,2020-09-08,14393.3930
Windows Server,LTSB,KB4571694,2020-08-11,14393.3866
Windows Server,LTSB,KB4565511,2020-07-14,14393.3808
Windows Server,LTSB,KB4567517,2020-06-18,14393.3755
Windows Server,LTSB,KB4561616,2020-06-09,14393.3750
Windows Server,LTSB,KB4556813,2020-05-12,14393.3686
Windows Server,LTSB,KB4550947,2020-04-21,14393.3659
Windows Server,LTSB,KB4550929,2020-04-14,14393.3630
Windows Server,LTSB,KB4541329,2020-03-17,14393.3595
Windows Server,LTSB,KB4540670,2020-03-10,14393.3564
Windows Server,LTSB,KB4537806,2020-02-25,14393.3542
Windows Server,LTSB,KB4537764,2020-02-11,14393.3504
Windows Server,LTSB,KB4534307,2020-01-23,14393.3474
Windows Server,LTSB,KB4534271,2020-01-14,14393.3443
Windows Server,LTSB,KB4530689,2019-12-10,14393.3384
Windows Server,LTSB,KB4525236,2019-11-12,14393.3326
Windows Server,LTSB,KB4519979,2019-10-15,14393.3300
Windows Server,LTSB,KB4519998,2019-10-08,14393.3274
Windows Server,LTSB,KB4524152,2019-10-03,14393.3243
Windows Server,LTSB,KB4516061,2019-09-24,14393.3242
Windows Server,LTSB,KB4522010,2019-09-23,14393.3206
Windows Server,LTSB,KB4516044,2019-09-10,14393.3204
Windows Server,LTSB,KB4512495,2019-08-17,14393.3181
Windows Server,LTSB,KB4512517,2019-08-13,14393.3144
Windows Server,LTSB,KB4507459,2019-07-16,14393.3115
Windows Server,LTSB,KB4507460,2019-07-09,14393.3085
Windows Server,LTSB,KB4509475,2019-06-27,14393.3056
Windows Server,LTSB,KB4503294,2019-06-18,14393.3053
Windows Server,LTSB,KB4503267,2019-06-11,14393.3025
Windows Server,LTSB,KB4499177,2019-05-23,14393.2999
Windows Server,LTSB,KB4505052,2019-05-19,14393.2972
Windows Server,LTSB,KB4494440,2019-05-14,14393.2969
Windows Server,LTSB,KB4493473,2019-04-25,14393.2941
Windows Server,LTSB,KB4499418,2019-04-25,14393.2908
Windows Server,LTSB,KB4493470,2019-04-09,14393.2906
Windows Server,LTSB,KB4489889,2019-03-19,14393.2879
Windows Server,LTSB,KB4489882,2019-03-12,14393.2848
Windows Server,LTSB,KB4487006,2019-02-19,14393.2828
Windows Server,LTSB,KB4487026,2019-02-12,14393.2791
Windows Server,LTSB,KB4480977,2019-01-17,14393.2759
Windows Server,LTSB,KB4480961,2019-01-08,14393.2724
Windows Server,LTSB,KB4483229,2018-12-19,14393.2670
Windows Server,LTSB,KB4471321,2018-12-11,14393.2665
Windows Server,LTSB,KB4478877,2018-12-03,14393.2641
Windows Server,LTSB,KB4467684,2018-11-27,14393.2639
Windows Server,LTSB,KB4467691,2018-11-13,14393.2608
Windows Server,LTSB,KB4462928,2018-10-18,14393.2580
Windows Server,LTSB,KB4462917,2018-10-09,14393.2551
Windows Server,LTSB,KB4457127,2018-09-20,14393.2515
Windows Server,LTSB,KB4457131,2018-09-11,14393.2485
Windows Server,LTSB,KB4343884,2018-08-30,14393.2457
Windows Server,LTSB,KB4343887,2018-08-14,14393.2430
Windows Server,LTSB,KB4346877,2018-07-30,14393.2396
Windows Server,LTSB,KB4338822,2018-07-24,14393.2395
Windows Server,LTSB,KB4345418,2018-07-16,14393.2368
Windows Server,LTSB,KB4338814,2018-07-10,14393.2363
Windows Server,LTSB,KB4284833,2018-06-21,14393.2339
Windows Server,LTSB,KB4284880,2018-06-12,14393.2312
Windows Server,LTSB,KB4103720,2018-05-17,14393.2273
Windows Server,LTSB,KB4103723,2018-05-08,14393.2248
Windows Server,LTSB,KB4093120,2018-04-17,14393.2214
Windows Server,LTSB,KB4093119,2018-04-10,14393.2189
Windows Server,LTSB,KB4096309,2018-03-29,14393.2156
Windows Server,LTSB,KB4088889,2018-03-22,14393.2155
Windows Server,LTSB,KB4088787,2018-03-13,14393.2125
Windows Server,LTSB,KB4077525,2018-02-22,14393.2097
Windows Server,LTSB,KB4074590,2018-02-13,14393.2068
Windows Server,LTSB,KB4057142,2018-01-17,14393.2035
Windows Server,LTSB,KB4056890,2018-01-03,14393.2007
Windows Server,LTSB,KB4053579,2017-12-12,14393.1944
Windows Server,LTSB,KB4051033,2017-11-27,14393.1914
Windows Server,LTSB,KB4048953,2017-11-14,14393.1884
Windows Server,LTSB,KB4052231,2017-11-02,14393.1797
Windows Server,LTSB,KB4041688,2017-10-17,14393.1794
Windows Server,LTSB,KB4041691,2017-10-10,14393.1770
Windows Server,LTSB,KB4038801,2017-09-28,14393.1737
Windows Server,LTSB,KB4038782,2017-09-12,14393.1715
Windows Server,LTSB,KB4039396,2017-08-28,14393.1670
Windows Server,LTSB,KB4034661,2017-08-16,14393.1613
Windows Server,LTSB,KB4034658,2017-08-08,14393.1593
Windows Server,LTSB,KB4038220,2017-08-07,14393.1537
Windows Server,LTSB,KB4025334,2017-07-18,14393.1532
Windows Server,LTSB,KB4025339,2017-07-11,14393.1480
Windows Server,LTSB,KB4022723,2017-06-27,14393.1378
Windows Server,LTSB,KB4022715,2017-06-13,14393.1358
Windows Server,LTSB,KB4019472,2017-05-09,14393.1198
Windows Server,LTSB,KB4015217,2017-04-11,14393.1066
Windows Server,LTSB,KB4015438,2017-03-20,14393.969
Windows Server,LTSB,KB4013429,2017-03-14,14393.953
Windows Server,LTSB,KB3213986,2017-01-10,14393.693
Windows Server,LTSB,KB3206632,2016-12-13,14393.576
Windows Server,LTSB,KB3201845,2016-12-09,14393.479
Windows Server,LTSB,KB3200970,2016-11-08,14393.447
Windows Server,LTSB,KB3197954,2016-10-27,14393.351
Windows Server,LTSB,KB3194798,2016-10-11,14393.321
Windows Server,LTSB,KB3194496,2016-09-29,14393.222
Windows Server,LTSB,KB3193494,2016-09-20,14393.187
Windows Server,LTSB,KB3189866,2016-09-13,14393.187
Windows Server,LTSB,KB3176938,2016-08-31,14393.105
Windows Server,LTSB,KB3176934,2016-08-23,14393.82
Windows Server,LTSB,KB3176495,2016-08-09,14393.51
Windows Server,LTSB,KB3176929,2016-08-02,14393.10
